Name,(R)-Lactate,Fumarate,L-Valine,Isoleucine,Isoleucine,Lysine,Glutamate,Glycerone phosphate,Arginine,myo-Inositol,Mannitol,3-Phosho-D-glycerate,D-glucose 6-phosphate,Inosine,N-Acetylneuraminate,AMP
m/z,89.0247051385,115.0039371782,116.0724993947,130.0879144851,130.0879810103,145.0985078821,146.0467955466,168.9920736233,173.1048855043,179.056795049,181.0734667094,184.986363211,259.0238457977,267.0748931997,308.1021978903,346.0583421579
RT (s),879.4116187182,1378.6578601063,1069.1208127597,975.3368010598,934.5600565151,1599.5725790198,1262.8197736368,1312.8710062504,1689.3428584233,1400.7604980945,1174.9542100384,1406.2025626933,1398.8646975985,955.4091152249,1173.8052387924,1125.3457445571
ppm Error,3.4275713495,0.3232775548,6.8870294084,5.4923249372,6.0037083985,1.4326964233,6.1319154469,7.5365859698,2.8046827682,3.8817238202,9.2046032944,3.5851886214,5.195651622,9.7096350531,11.3530195771,7.3460383946
RT Error (s),36.8916187182,33.8178601063,42.0408127597,42.0968010598,1.3200565151,21.0325790198,43.0797736368,39.7910062504,28.7828584233,17.0404980944,33.0942100384,26.0225626933,45.3846975985,39.0891152249,41.6652387924,23.9857445571
010-04035-02,226913260,22356850,31747527,19294060,61455135,22695338,77690339,9902214,10282221,16917984,29502500,22645942,5487956,3096480,106374984,6657410
010-04048-02,132134112,23577055,24455571,12834705,43693999,15514936,66282158,6571208,8676312,16631860,38022582,3369061,7177080,2754499,65488183,3290324
010-04064-02,60878610,12904824,9401242,5590924,16352524,5584817,54774778,2840805,3816613,5662047,10128662,8826608,6087826,1765689,45320277,4726342
010-04087-02,118127703,12751490,14867177,8229238,27814044,10522809,61844853,4804911,5939678,6791702,11186446,4173030,3112867,2101669,59900741,3050297
010-04101-02,77255154,20810650,18819135,8835826,29437592,12403782,61263820,10172424,7422497,8866014,28137782,12845423,8039799,2904083,112846140,9955476
010-04123-02,82865178,16602655,12187985,6287491,19882200,13961233,77795125,6290277,6274833,9011807,11709499,2461968,4555091,1571553,51794576,2681601
010-10002-02,127919595,17644615,20021187,10263936,34891866,15327294,71905046,9734754,7455606,16418611,24643516,13586541,18306701,4261885,87586228,13079511
010-10015,218570253,18112483,26698935,11709683,43730315,16434819,69052776,1736614,9186518,14410443,22678683,3712640,2029077,2237135,68391216,1615363
010-14009-02,91334926,13242649,16118444,9569420,27583915,8602993,60983190,2609876,7380023,10906579,13814217,5632197,3603382,2351751,62966728,2583712
010-20002,130459239,14503549,20352176,9109778,38169577,19773439,69819711,3867357,8480440,14073913,16913956,12302469,9072075,5225152,79621562,10704103
010-20064,87285166,15060022,17853461,8289319,30820914,18063432,64642303,10935636,7720474,6320591,9869625,6685451,5511963,3222404,82338402,8605738
010-20084,87577565,11708325,13796249,7665301,26452426,15942255,55654066,1415211,5701466,7854291,22891644,4677023,5130252,1903574,63305848,2437678
010-20132,151459291,23809944,20646746,11553250,34768979,12393849,78128069,2122543,5524158,12202478,13537760,1958710,596535,1938183,68915487,1655949
010-20143,107567638,18157198,17217399,9126707,29159303,9095074,66614318,4122326,6814172,11403334,22572011,9195876,3436165,3829884,68857162,2197534
010-20146,174132571,19086567,32617553,19259339,64191234,26476425,107021856,5601867,10185313,14942569,33586666,23587458,9638604,5175684,112540790,10979352
010-20147,137006077,21243684,22342203,8296899,37195013,25450008,72090795,7563010,8748994,10561171,24600045,9283642,10645750,6078591,87414769,11607179
010-20166,164047392,19665411,24365479,12216112,43765167,21278904,62578385,5651175,9611644,9386565,20471248,4084333,5136987,3042155,89065017,3357692
010-20168,104553335,15499561,18895882,9663575,34226679,19006230,73513858,5804389,7998575,8870571,19393949,5030054,7338957,2397676,56696608,4625502
010-20171,122376263,20953354,20562400,10071820,40444494,21655285,94239984,2048474,8517384,9050728,15547169,719760,2259863,3661374,61060102,3589895
010-20192,130383170,14165227,16459354,9781317,29574617,10796495,56726823,2537826,5360128,7925360,21861428,8856715,4249963,2381687,56135808,3395872
010-20220,166460847,15829926,19820474,12258315,35535217,11253921,62258998,5586008,6059517,9610598,21570019,18705409,3934210,2447539,89488236,6231963
010-20229,147137336,18845517,22943960,11095879,38895751,12938404,60885625,3461743,8303084,15058938,23497957,4070278,6568729,2857846,68676600,2656632
010-20249,163236125,16739642,25431497,11949985,51686781,16573375,55611293,5977334,7956961,8770206,17085604,16043515,5926009,3721319,81113680,8810091
010-20256,86513377,13028605,12648867,7448106,21709514,10225354,56570723,2649779,3995657,7429219,10527311,6790767,4274693,2186724,55470903,3439248
010-20289,107346754,18957061,19392587,11523464,30823125,15669628,56795453,10301162,7663358,12834291,12117595,8525841,2043664,2488999,75614979,5109557
010-20350,104823660,14724482,22433802,14467513,44572539,10984438,43783191,4012172,4973299,9234548,24044733,11807006,6088412,3595187,124508744,7826101
010-20351,148577224,17006870,18783179,10276255,34081319,12820101,63115230,6244224,5729190,10231339,14326460,6974692,1362143,1984672,92612630,2706943
010-20353,166131844,21256682,27385882,16046118,47737554,17889948,71355574,8121328,8362623,16977949,17097673,11565037,5456583,3350619,83780887,5968803
010-20368,179723189,22762872,35261016,19199069,64783498,25750254,75690642,13253720,12582171,11868313,19270644,7153973,9082236,2881155,104644316,7755001
010-20398,154341490,20585087,26101379,12361420,48308673,13270158,74655877,8223182,8368489,12817319,22273068,8037924,12403861,2853396,77327184,6627692
010-20403,177724560,20869930,27665665,13387244,53886685,25569495,73681326,3122126,9177168,15033485,28360629,3132574,3602983,3061797,60911390,1639714
010-20430,171155664,10104734,19560551,12411808,39974220,7220334,61109698,7596269,6748702,12392466,13505155,617544,541528,1986931,93043110,5662215
010-20439,204305033,22838726,22630146,11382135,40294251,19920960,70820351,7235757,8683967,10048364,23571275,11945923,1462265,2668524,65740308,3874371
010-20459,233312274,20501899,30943270,16217446,60335029,19569074,81178970,3891031,10030358,14797390,19918887,7024619,6894758,3200337,126241843,2666747
010-20474,139997075,23307674,19675847,10807826,32027013,18070985,64697885,1383612,6547894,10330193,31985462,1053004,1762798,2894987,74512406,2278340
010-20492,93340323,16663856,16671052,7380071,29475994,10377368,53933948,6362895,6200176,8327490,10763569,2708853,6449401,2671285,74577262,3691915
010-20507,82462247,14783896,15046372,8793514,27127064,11759465,56367202,3523136,4844234,7341483,20658318,21727397,6835527,2442547,73503769,5643389
010-20511,75261197,17030220,15183443,7901777,28912294,15348636,57731897,6666536,6199486,8383418,22804506,3811818,6382953,2542530,54182922,3478492
010-20542,62097149,13821512,9773971,5030328,14935032,9167505,63644826,1097243,3222944,6236371,18282157,2655907,527170,1432257,54691429,903301
010-20545,107789678,14753802,12379658,7337682,19830118,11195967,57894879,987738,4258804,6909673,16245259,2133808,1795055,2076341,64396522,1217452
010-20576,109606141,14574209,13974907,7974256,24344252,12523933,66032817,8560878,5284885,6099108,11677472,12154800,8764082,2423973,57135855,7151498
010-20642,141030236,21947473,19775181,10384803,35512485,19174602,70915974,2098627,7351437,12452611,30061003,2106647,1653733,1753074,97461886,1257737
010-20658,60859687,11330163,15555747,6576354,27500433,14135447,60096062,8463084,6589365,7986670,7833244,13057704,8161331,2394653,27911296,10593069
010-20691,152829981,25570312,18726045,10208187,33004954,15872842,88389585,6710358,7820938,8656617,23838698,3202174,5292616,1781938,67641593,3916485
010-20694,81738471,8907119,12226722,7510702,21265750,6578475,67061783,3343334,3886359,8530428,8927070,6718161,1060162,1978236,68258900,1639833
010-20753,96936652,15517008,17775888,9160541,30208418,10485085,87377669,5835286,7035648,8498946,13607966,3282340,6437454,2355326,55520351,4353214
010-20818,216273488,16010746,19027738,11055593,33605255,15066098,73587556,3905082,7853570,8413890,19116194,9065162,2678282,2084977,51286823,3246153
010-20819,207124592,23006665,22774037,12711038,41882303,15233978,81927369,1211521,7730144,12330512,22153953,1598635,1834555,2367766,71125686,1568122
010-20836,70229657,10895262,11279209,6422258,18699929,12009564,55831574,3460437,5621605,7403067,21476319,7835490,4595837,2219346,51286538,3976299
010-20866,120707019,14164796,14075227,8659014,24545482,11070780,67678705,2967138,5192154,5986647,15302574,6666663,2288030,1790033,53866363,2764030
010-20882,137087101,19079555,26369530,15024979,50637813,14056663,63071896,3877651,9074172,11323883,23776637,7822226,9012965,4137062,92342519,4981303
010-20899,152726206,22983279,25558956,13025455,47325510,25396181,66348267,9239547,9369060,17819878,27576689,8774528,19932431,2815749,81017607,8560895
010-20948,158605106,18157088,15964973,9525858,26547199,15861631,66785876,2307512,7397599,10307235,15543291,3621867,3331285,2787523,114301139,2062341
010-20960,110797587,9511895,11626317,7119341,22471091,1597713,67382,17668,3920814,6716779,61716,5363365,811531,1859402,155213,1365349
010-20971,92339532,22799902,14656958,7494890,23312471,10370862,67645118,3427853,5556060,10455318,21803118,1380703,2160983,2204315,62258105,1784610
010-20975,174232338,15702507,21372576,12090996,41178399,19562005,101120350,7064332,8025311,9852555,26703466,6037556,8052229,2945882,103917849,6606248
010-20986,149283736,19856058,24047952,11460679,46245142,25427934,77139625,4507313,8566272,13251702,15980368,1671948,7407441,4098283,50027882,2346415
010-21015,229886857,25055839,30658807,15915420,55368425,17985178,75174993,7613394,9886526,16349703,44347684,11573929,13414729,3470209,89323234,7989963
010-21029,111560769,26111232,22343493,10827170,42218372,22382484,72665140,2423474,8022758,12086803,30322484,1700610,2825886,2890150,89245613,2601386
010-21039,198179606,19663533,32230312,16804944,60546756,18732617,66284071,6911999,10702237,14153745,27819163,10058855,13134857,3388273,54740037,7585278
010-21041,121230793,13947731,15182192,9341979,26457296,9581942,49963429,978087,4745676,10270080,24252594,5579069,858333,2830992,97575471,1214273
010-21050,213746257,18531467,21137059,9736533,37870130,15925008,68752263,3858293,7651787,18462144,21610887,7358606,7120987,3119907,49907563,4865260
010-21104,104015064,14572366,16346546,10574412,30897346,11858387,69698979,3969769,5508408,8136289,18280148,9838375,3768169,2616444,79595319,3879406
010-21164,120360514,15522799,17757611,9444730,31222617,11847923,57501519,3339679,6632572,8885677,18229056,4072154,2957913,1818688,75082540,2686741
010-21224,220148751,27448740,28113119,12230460,53061316,28228780,97655792,7380571,10812698,15148823,25448308,4609839,16354469,7860297,60441200,9968055
010-21231,70446024,13346072,11523091,7121111,20280288,12360881,61148092,8067265,5588510,7844365,8577136,3130607,7227973,1767769,84595377,4914226
010-21235,103142472,11837542,14746285,8968206,26174568,7890517,68329063,4724442,4236560,8297808,14312068,16702374,1811001,2111695,54789318,3181828
010-21279,116756016,11894225,15096405,9143957,27433217,4896062,58469932,10338347,4856408,7942602,10362587,20155928,4051135,2641405,103782648,8725465
010-21308,114730500,16433016,17419358,9114526,28608133,15422058,60921298,10197847,8389651,7535353,9827842,13213886,6482328,1641851,81879377,12564050
010-21320,88385423,12129138,12307945,7352898,20553938,6862159,57060779,3282744,4692452,7388535,13634129,4431407,2729695,2030549,64034869,1813138
010-21332,128175196,16152869,18986910,10795132,38490944,24419328,70132536,3210361,7652939,13255607,30839367,8430217,9783736,2972290,104871413,4769958
010-21343,169878869,19785733,22803238,10605154,38799292,19306685,66125386,3318197,9689455,13418279,20860826,3307475,3079765,2709654,98585416,1812832
010-21348,165047246,18219691,22778302,13092527,42965588,19688137,68655881,6362543,9306908,8954018,17980614,15821466,6043782,2776644,87879788,7531374
010-21349,104842323,13333174,15507238,7664319,29376075,14368540,64161932,1686579,6291923,8524822,12159605,3307690,4745314,2586410,52244526,2070749
010-21366,120864861,11967291,14462084,7653252,23968019,7006441,73108217,1179649,5677185,14791711,14469967,5116232,3241625,2784123,51094943,2214945
010-21371,84146948,12184227,9297347,4746010,14817310,9723469,60859854,3196596,4481262,5060854,9536762,2783907,3654333,1687190,38029999,2174640
010-21379,139579644,15334317,17453808,9729757,30932319,13167223,59974419,1319405,5149639,9187549,20593529,5981615,3060262,2010735,65216017,1711818
010-21399,77228659,12377686,12531834,8233821,22164411,8458063,52224036,7810935,4461723,6772166,11617461,12949582,1929297,2196681,66246609,3665353
010-21403,183475383,15482976,15743122,9170201,28683271,10687429,66654630,2199094,6162428,6029904,13670510,14670520,5247131,3079280,43027880,5035482
010-21411,100820189,15677833,15360447,8759174,27034118,15564132,67725129,7067985,7070515,6462960,12582932,5924845,4792262,2041143,70573700,4707376
010-21430,91239421,12292186,8619815,4741482,12876737,9556773,66274271,2897638,4252957,7102288,9900933,2278247,3603413,2204239,51181524,1472094
010-21459,276803150,21579744,25204409,15914078,49462246,17178776,55004991,1657004,9820202,12009217,14284940,9501155,3192075,2732275,118442841,4101612
010-21488,214126896,21110178,24684434,10112447,45885766,24517333,74350857,3764572,9426142,14167272,17134495,4680622,12204250,3228457,92652387,4960837
010-21494,248215338,20613479,23688334,15040953,41508430,17119571,72179402,1943283,8065724,14082884,22004177,5675400,1722713,2361794,88668776,2211115
010-21511,245776673,20781275,28985246,17352850,49677538,18962911,63446920,4059389,9320127,13416373,23728648,27488928,5389255,3554440,86643399,7021322
010-21548,230787404,29157391,24431067,13372760,40204073,19301707,83777634,4593756,7113190,16774344,28424079,1863826,10681423,4302639,58931232,4695468
010-21564,123844684,15776969,17076524,10419849,30352698,16405900,66599908,9937916,7189544,8666721,13084178,16465599,6894572,2303871,70087806,6941291
010-21569,142148009,14600636,15333092,8048308,27349244,14147640,71454088,8474811,5678503,8026017,14212650,6641094,9039679,2945790,64456339,8801725
010-21578,181425469,19967739,20770167,11973240,36876311,15892483,59846033,7017524,7572296,13040438,22502352,11160039,3378792,2534035,87275983,4330857
010-21619,67686520,11288163,10891522,5582380,17485423,8901478,53063674,574644,4118568,9874517,15242968,1740562,3440173,2524341,50107594,909857
010-21641,125508909,16655543,23990630,11660070,46915065,23126672,56139521,2575745,7862472,7759965,36267660,6184323,7481612,3470939,77958360,4471592
010-21667,156498497,16200475,17172392,9818553,28544632,13585380,72648240,7811004,7717352,9170374,12711588,21658112,5160323,1667206,69915101,8010074
010-21671,188772831,19030253,19970045,11254190,34054134,18457058,72809110,5784559,8029778,12260430,13630063,5723385,9141773,2455415,55509975,5053885
010-21680,199401171,16243730,26470121,12113297,52003054,22079427,57604013,3032152,9391442,14909234,23234216,9468210,5640930,3002401,83680289,3436260
010-21688,192192386,22221923,37109302,17784183,75154054,26971075,84847047,5973724,11163583,13598666,33631462,5934960,15596629,3142397,76906326,6394921
010-21699,255532288,23990069,26529855,12887440,44334244,12534255,80925389,2842643,7912781,16058520,29461326,7471369,9656579,3741557,70615163,4864390
010-21701,227388878,19781910,27261218,15657436,48248754,19619336,85845288,4768570,10578797,13792226,28462216,11655396,5412890,3244980,75661668,5506111
010-21703,174252093,17990140,22034760,12763746,38767828,15761219,64394317,5351912,7859894,10068028,19427364,18076356,4494280,2580123,83315092,6209968
010-21768,112288670,12232668,12409287,7670054,21405219,11616651,62918203,5992462,5291042,5230084,13082826,7546288,4826283,2352856,53505748,4460718
010-21771,213368622,21814666,29129564,15888388,59296407,24831029,77561964,3241845,8969578,14749184,34988800,6642128,12314232,5279018,78943016,7666366
010-21797,156118614,16397394,29861501,15436969,57714795,24792042,78307125,6919545,11099179,14491904,23263158,10299804,15093397,3050267,76776675,9349512
010-21812,260359475,24779568,26252171,13378307,46491580,16526914,89218270,5705516,8934882,12608962,22543242,7922745,6350765,3509813,56925080,6307534
010-21825,224959101,17160912,24496306,14795324,40477860,22000525,70768891,5554906,9071607,12734715,23122356,27622259,5427939,3439425,81068700,8060421
010-21830,244271912,22534502,32077953,17028326,63551628,18216165,63039744,6303789,9347064,20527486,41590864,17046713,22888661,4455874,94055424,10760481
010-21898,210023803,22131835,33513293,17095223,64687719,27955907,76914941,2182179,10739329,14714985,46084138,4141079,5796283,3735982,97281985,2940318
010-21914,48185668,11654789,11789435,6308102,19284285,17378050,66137256,3066837,5743827,7240028,12148766,3633787,3919512,1560354,73083205,2054671
010-21915,132197620,14502838,21972104,9306550,41495610,22875944,73547529,2452367,7683545,10708465,17378234,4432871,8150079,2338343,62426210,3423692
010-21921,148258294,16389744,16236413,8437840,27117260,14038174,83924355,4207426,7659361,9461369,16536388,3864063,6769779,2186194,61610841,3521866
010-21927,137992548,20783773,22599092,11479085,37967735,18550050,88605936,8521647,9100647,17423642,31848141,7907909,7958030,2997285,123307410,4279494
010-21928,128670860,19505517,21710604,11273292,38328082,22297239,78400470,12057507,8309316,11955823,22371379,14500687,15690688,3444502,93221869,14528377
010-21945,104553781,15748041,13000084,7164773,19999176,13040432,57606906,1670622,4871899,8699477,20701370,3166192,1826810,1847950,70088368,1169262
010-21976,161835235,21726389,27154732,12423870,45786182,14677189,83369610,4345170,8666150,15196675,17694856,2762165,10400753,4583233,66714865,3034241
010-21981,129014146,23498328,14995293,7663623,26061584,9703143,57166078,8062493,5927767,8977955,17548342,1384740,9273920,1858699,61110261,3891098
010-21997,176374577,14494328,18545191,9427318,36816288,17990450,74192383,2188961,6992815,10613402,15926515,4065269,4405361,2908485,70964033,2718870
010-22001,182822023,21068038,23447038,11429390,44825409,19459392,84363289,1982714,8335393,11790840,23404370,2028068,5349450,3009859,78009250,2239636
010-22055,163954707,16741714,16342038,9155703,25272128,13935165,54841570,1395403,7216771,10921327,18282780,2893427,558026,2097007,78044532,1064289
010-22092,191952744,20789821,25280246,15077599,46969143,15370493,61630012,3179272,8813146,13950990,41495981,11368256,7393731,3192021,85411854,4498461
010-22106,136168874,17019861,17785279,8447751,33519819,22267813,53853103,2961183,7262076,10120861,26405647,5070967,8235086,3353945,62353471,4694332
010-22109,185035314,23991199,26193513,14251105,47410653,12923223,68155913,3476152,8397480,11376167,30273340,2520283,2564885,1935264,75934600,1347413
010-22148,144385110,21668331,17891506,9851303,33951131,16062071,77591417,2454794,6759755,9431462,19694290,1823443,5678554,4379832,70156044,3686959
010-22167,238179329,19285564,22959937,14558338,41791891,15330774,78815251,6610563,10212412,9733570,22755963,11472783,8057053,3503481,70968770,8762749
010-22183,204360504,25964119,23830258,11507265,44648202,21222683,74012331,1646742,8510958,11244314,44746661,2893087,7037346,4604781,52330513,5617533
010-22188,113788746,14976680,17782059,11590962,34794273,13216891,65253401,9826428,6899186,12823594,7228885,1339491,2714667,2543354,56217056,8980974
010-30036,184600769,19816057,21425442,9833143,39069841,15298034,71402799,6589830,7403809,11256667,21369347,13107584,6754770,3499557,68365785,8059796
010-30062,85087830,12478220,13048278,6924105,23517600,10577752,60452052,2386213,4991067,8020691,22292028,4774159,5408157,3034642,38896789,2698800
010-30078,85691640,10825565,10816402,6589384,18018381,10774771,55594261,4368210,4536213,6065321,13023402,13859472,5586867,2557832,39384070,7709284
010-30128,25671765,11417322,9820105,5136499,14502258,10731943,99252645,10332497,4903876,12405346,4702172,2668140,6239315,1983278,36758090,3755891
010-30161,190954232,17677734,26838434,14949290,52396498,13941728,61219272,6635817,8190460,15055558,27318578,8948989,15500241,3338548,79550304,5590523
010-30193,66370067,10430564,11196032,6282591,19428567,14173300,78815350,3352150,6607013,7947145,10145694,5421438,5859910,1896806,55840601,3356241
010-30205,90324262,12965116,12050390,6670670,19923900,9572196,76458705,1060325,4738004,4818727,4867951,1185556,735275,1610343,52536403,860122
010-30277,235191684,18865625,26038051,13239272,43403379,17353826,74017295,5302100,9170349,13016582,14954347,34413355,5145387,3257666,94711836,14136163
010-30317,172589214,15224880,16968658,8594408,27630682,13341139,62416454,2707407,6331147,7778184,15420498,3090760,5074171,2828606,49169231,3176064
010-30321,105209464,11229305,16856816,7876878,31448321,11216946,61769411,1811335,7354108,11140267,8000025,2092764,5778365,3216021,31317334,2825543
010-30363,99861547,13635920,13248681,7637903,22595580,12297358,96545154,5597822,6113874,6822057,11805618,6859659,7162209,1836086,64375759,4141975
020-00012,145579389,12903907,13776420,7312493,22146463,6647162,60466298,4197683,4532871,9671430,9338605,10999873,2165798,2747148,68768537,4537286
020-00014,97795286,10643199,14487154,7698734,24113625,7812434,43842357,1808982,3266390,5792637,19717234,2243753,5495507,2382502,30715059,2180679
020-00016,128732939,16852902,14313986,8308772,23854200,11282094,59512543,8043567,5831711,10759658,13036063,4830591,3683749,1980995,55938614,3879085
020-00046,201757374,19118487,31980613,16522055,63380955,28331813,65474778,3867312,10052142,15930814,40954031,7208176,8250987,3652423,74436758,4928375
020-00057,175646447,22917963,21654022,11038382,36303473,15254434,70754762,4371748,6643392,14545006,21254969,14290200,6937414,3072294,65543306,6191209
020-04135,245317358,18278177,27637805,14876339,52189031,17795345,66825670,803285,8560783,14165530,19978498,2532967,3625129,4391300,84687659,1913862
020-04160,168372200,21272049,19345448,11011764,33543119,11508817,57002703,2229339,6330032,11701257,30433448,3277107,5546942,2814557,68348355,2023045
020-04171,100251813,12663607,13791750,8350755,24997699,9894426,53172395,1928855,5208873,7544454,8611994,2254714,1070621,2708094,67033098,1198795
020-04178,162739468,17311437,21252978,12609510,41492249,13213909,73703634,4034488,6874317,7954976,12676806,4068829,1549263,2665083,83642144,2948155
020-04180,81454954,14884798,10373790,5585512,16311184,11879603,66225425,3106644,5064667,5703069,12068098,9243699,3764743,1460321,62600544,2802966
020-04199,145619328,17785219,25837517,14004525,47220171,17598964,73154358,7627191,8302318,14098747,27912032,18934766,10110591,2999663,113137325,8452809
020-04213,125831443,18434810,24027934,12587820,45124613,20821650,72874207,10102263,9427444,14244321,14064387,9498333,12992177,3353007,84631960,8720084
020-04236,150885459,18719415,23043069,13199588,41309547,17294882,57282179,11090147,8444470,13024272,14335881,20241466,7381056,2895356,84036669,10650265
020-04297,235229471,26104189,27984350,14432278,50471265,8242261,73548582,5951265,8093637,15495077,31744485,3009762,13927777,4059791,90794251,10668917
020-04324,120546608,13754620,25104277,13623078,51552625,25735673,72758724,5314468,8950145,8567890,15533226,7976903,6115737,3635215,140703429,6867798
020-04325,86550014,15017374,13617225,6911768,21697699,10287557,59053518,5804325,6683789,7928534,13224362,2718544,4893551,2136533,63780267,2993747
020-06004-02,219935882,22924016,27916699,15494782,52755265,11631664,73530392,4733575,8284030,12897585,33938661,5322082,4711131,2513586,76387068,4076349
020-06005,71381553,13781407,16931344,8798502,28165372,12816579,71759113,8557006,6220944,9625237,14561318,8919251,6965471,2451708,52558383,4720322
020-08006-02,94628555,14110689,15212267,7375791,26564867,13163692,54933303,8468057,5761004,7273996,11128795,12234831,5957390,2576837,43162626,5720363
020-08055,63157314,9652603,9531428,5666656,15928224,7574373,52237139,2956861,4730266,5224447,8225928,4409466,594996,1477556,38100431,1851291
020-18006,85333398,14062627,11467976,6328996,19226874,11711028,52780753,4305527,4731844,9438709,10439499,6800635,4614487,2295671,57768138,3345719
020-50006,89084952,13197792,14293566,7401175,21941446,13746106,59895363,4625720,6902349,14137461,10278257,6387652,6146534,2657578,56886756,4311843
020-50017,80085999,9835859,10067419,6275408,17284575,7398996,57889874,2654555,2940483,6226413,10497855,2436115,5654606,1852014,35300253,2658256
020-50070,99832542,14597078,13093329,6941245,20534158,14300162,63770577,1455155,5912543,9091834,18193262,5507856,1705243,1696929,91016533,2117696
020-50073,114413331,11694322,14411538,8624060,25153567,8600617,62608880,2301945,4593744,7769787,10723685,6473327,2051764,1911260,74224962,1917430
020-50092,81990054,15893573,13729217,7205464,23633076,18202191,71990355,3151681,6888556,9921430,12889570,2521677,2457455,2119217,72769250,2652306
020-50105,97317240,11428818,11074050,6421804,19478945,5340948,43443369,582878,3229392,6553448,9216971,2882181,1561732,2077252,49696666,1329840
020-50111,69825650,9918714,7530267,4288749,12708263,5348185,60395937,2440778,3161764,5361210,5894803,6377452,2048011,1712817,46428487,2135012
020-50114,74075267,11664543,11878029,7489725,20622194,10370994,58177262,4510958,4701804,5879993,10623684,6459768,3516681,1828449,58702907,2881995
020-50115,160590876,15285342,19725643,9999902,30118002,17809353,64392348,3203162,8146060,10579559,17869626,9044972,4681762,2204753,65724211,3228068
020-50149,110420011,15458302,20592810,12117906,36447667,16133554,66162557,10936317,7648260,8091499,14128249,17579349,5569668,2734878,75456171,7068252
020-50172,175195770,21067618,21895892,11421566,38003080,11822588,64928393,8521643,6924281,11791594,12427219,10334175,5601252,2863050,64045255,5656293
020-52017,101179321,16272311,13799393,7737577,23412739,16261666,70489665,2283854,6050351,8862852,9836095,3958007,3276291,2887984,60356381,2580543
020-52033,105982508,9644290,14592871,8551644,27028182,7134546,41314166,3112865,3912103,6769368,13217299,7704874,6291242,2474866,46148070,3811760
020-66007,117177123,20667189,18678264,9845536,33778297,18620994,71978271,4490342,7716182,8196487,16486374,4421865,6999927,2794808,68314417,8354622
020-66015,314445717,24715760,33624869,21716833,61102136,12810131,78603126,3926222,9236084,19015576,32998526,7893043,5530178,3532816,79552561,3249902
020-66051,28221880,7255301,6589343,3882742,11109767,5264197,55043897,264127,2254918,4424783,6566109,2273409,2184655,1918444,39831874,1266640
020-66055,45330140,11930917,9846078,5795218,16854207,10371307,46952662,2283356,4378714,4472976,18118447,4131235,2013988,2118445,52110320,1960500
020-66072,106106057,9316420,12916333,7865758,24181262,9492284,54953922,4392967,7159494,7897640,8560160,11904447,1775729,1790399,75290246,2826220
020-66082,229175075,19364849,31120352,14831283,59873665,23805926,73298658,8140065,8720155,14271881,24901976,14264021,15837922,4027970,102671693,10355883
020-66094,175480863,17049468,22962320,12915757,41297320,14886119,59330103,1646599,9405187,8791682,26115882,3760089,2315218,2321645,51587595,2304027
020-66100,110117328,13825324,15959921,8108316,28706389,9199757,65095664,11933822,7502726,5908246,5351098,13017157,5501957,2157278,71223039,14557401
020-66113,119282881,11779712,11625557,7121706,19983342,12217605,50868879,3974940,5066280,7232743,8008744,12086380,8210073,2058601,41905566,6560710
020-66115,81543107,11479704,11247713,6412755,18928487,10630372,49962765,4878195,4571601,5694045,11914256,14228569,3828215,2294296,51910895,4280361
020-66122,98748590,17046470,15860140,8433323,25121253,10796881,55224748,8839253,8544612,9454648,10879687,10496904,8938844,2920690,62296423,6416565
020-66127,88757832,14837666,11273571,6383110,18902729,10351186,62977309,4770658,4365332,7954049,12748563,11018378,8458218,2987454,57737654,7754024
020-66136,90935119,11995820,11224118,6728244,20201148,12756001,60799982,5938154,5254446,5940144,15881889,15780674,6206652,1839122,45028467,7212406
020-66160,161074388,19054218,23062655,10944737,46052618,20995417,60815276,2844482,8435748,11645059,25937660,4652077,9631364,2474343,63020459,4132049
020-74015,175269334,27946357,23342829,12922990,43096440,8328602,78919015,2394462,7474928,16297600,24590620,2659876,6123448,3475211,62999386,3465712
020-74061,142817130,17135638,20919092,11263986,34191397,14035302,67959761,7674882,7458915,9824915,13022241,4453470,3521252,1993621,65695408,4412335
020-74073,118940961,15574267,23026903,12600228,43016154,17463478,54407165,8929481,8958791,12222011,23013502,11622922,10256701,2986914,88736910,5898673
020-74123,41589692,9549471,12665599,6482121,22784263,16979218,73899275,5784337,6569369,6535858,6855221,3382956,6492992,3030014,39587517,6268522
020-74126,178052632,18501553,21695938,12151740,38868625,15776648,85594984,8667146,7573022,10841507,14901647,9853522,2720661,3653538,86683663,8170089
020-74140,149124817,15064301,22016711,10040082,41857659,22087024,61413966,5745669,7873539,11294488,22842844,18127842,9240475,4763402,51764550,13187347
pbQC41,41052788,5331098,7554816,4417715,14853910,7069638,28255730,1127509,2359554,3713562,8391985,2896086,2311078,1770554,35307683,1055283
pbQC42,34589413,6310432,6591018,3652216,12211161,7107534,32809076,1525588,2271332,3636574,9381626,2457535,3315831,1506592,24075091,1171679
pbQC43,29947371,7143686,5636969,3122362,9978315,6206817,40035628,1769593,2355737,3474674,7963900,2927418,3523673,1256153,24641898,1432209
pbQC44,20660934,5963499,4140977,2584743,7281611,5507451,38751593,1318638,1869201,2453289,6207808,2652767,2527166,1100842,27567502,1098294
pbQC45,16039167,5162499,3143660,1955290,5682192,3349536,36768578,722127,1261482,2230972,5663615,1954468,2479943,1032757,15853174,814880
pbQC46,15152305,4105657,2699025,1691073,5026795,2983197,33978074,279235,977717,2072888,4683817,1657105,1656247,926174,9126906,580306
pbQC47,13063840,3582610,2520240,1543654,4753274,561272,30091804,231214,772814,2099316,4490758,1131320,1557854,928206,9431151,425458
pbQC48,12818109,3436816,2508706,1629137,4778117,376698,28131707,105065,627334,2649972,4541736,668477,1134490,912226,7828363,322264
pbQC49,13126060,3141997,2522379,1620504,4727918,1551864,28957897,115596,680161,2229628,4276774,888206,996294,958477,8887411,331531
pbQC50,29766373,6668037,4993080,2871990,9240308,4537534,51682007,1381531,2087320,2999174,7197303,2581459,2711310,1329063,26283550,1245857
pbQC51,27978969,5688654,4714048,2785138,8778166,4664831,50872105,1020968,1656002,2746929,6538364,2360043,2536745,1284491,23382703,994872
pbQC52,26078238,5047973,4315513,2698457,7995238,4043486,47830155,799290,1343621,2599217,6355485,2057876,2069329,1256312,25349136,749695
pbQC53,26042319,4699854,4251162,2656618,7928728,3705374,45894759,668237,1198571,2430717,5880141,1922000,1970845,1244319,19403385,712012
pbQC54,26863510,4528823,4137887,2260049,7568610,2711350,48368399,648828,1160695,2411939,5767083,1925954,1662014,1255133,20386009,678215
pbQC55,27611934,4536950,4275429,2557040,8089623,2687766,46295196,663758,1287729,2365545,5996128,1754209,1523226,1257439,26526869,674931
pbQC56,26111894,4783032,4307031,2513908,7989241,3018937,48516065,638827,1221011,2508003,5909730,1685010,1751369,1253733,20361839,654627
pbQC57,27091361,4580338,4209808,2753144,8002906,2869572,49226096,663523,1306329,2358914,5797947,1730844,1560553,1197466,23175195,655224
pbQC58,28190441,4556689,4399162,2799389,8384326,2901197,50214416,662690,1192563,2479051,5844742,1787719,1507951,1288916,22797057,697510
pbQC59,29056820,4429593,4318784,2471705,8123093,1342812,48576902,585985,874282,2414721,5814670,1868200,1399869,1289330,24363239,660336
pbQC60,28450969,4576770,4434992,2628924,7888507,1076023,52016285,616592,1206129,2596221,5797601,1620227,1353235,1320356,24619676,671188
pbQCEquil_2,164056876,18817443,26623954,15540298,57279968,29369624,89223387,6254824,8613385,14412155,21314729,9701744,7266112,3561918,57460487,4799357
pbQCEquil_3,168449722,15926062,26123325,15923516,54733160,32537249,72717416,5416924,8138233,12833342,16715365,9944855,5150649,3617499,119445826,4950733
pbQCEquil_4,124232839,12420050,21391428,11387378,43013679,21608304,62255228,4605135,6554756,10156495,15261061,10416124,2871298,3199595,79042022,3898838
