list1,,,list2
index,mz,rt,index,rt,mz
1,60.9930442142,957.449
2,60.9928701742,1467.34
3,60.9927989383,1541.71
4,60.9929993854,1129.66,1,60.9931116765,992.125,
5,60.9930036862,1627.7,2,60.9930285676,1489.76,
,,,3,60.9930742017,1166.68
,,,4,60.9930598784,1588.73
,,,5,60.9930063114,1556.19
,,,6,60.9931849544,1689.24
,,,7,62.964136267,1396.28
6,60.9929316865,779.083
7,61.9952304079,1669.755
8,62.9640505088,1354.92,8,62.9640932196,1468.32,
,,,9,62.9972949582,137.5305
,,,10,62.9973528545,1195.18
9,62.9639853002,1445.2
10,62.9973699108,1163.685,11,62.9974519296,1250.73,
,,,12,62.9973535047,1144.13
,,,13,62.9972867342,878.3815
,,,14,62.9973943499,949.575
11,62.9972670057,137.859,15,62.9973087478,311.7415,
12,62.997380576,1108.69
13,62.9974645403,1218.75,16,62.9973186551,1033.42,
14,62.9971826492,1580.685
15,62.9972020052,1731.98
16,62.9973657234,919.299,17,62.9974269002,1092.86,
,,,18,62.9973100146,274.297
,,,19,62.9972790935,756.633
,,,20,62.9972982895,197.353
,,,21,62.9972984237,241.921
,,,22,62.997310756,1000.755
17,62.9973660614,1006.8445,23,62.9972860303,828.1995,
18,62.9974549332,1057.935
19,62.9972304553,863.142
20,62.9973162525,297.281,24,62.9972838285,491.108,
,,,25,62.9972885066,1769.615
,,,26,62.9972915776,436.894
,,,27,62.9972860798,793.536
,,,28,62.9972793751,615.17
,,,29,62.9972827143,543.4135
21,62.9972529908,213.897,30,62.9972852951,391.88,
,,,31,62.9973005459,1852.255
22,62.997269978,742.112,32,62.9972756685,588.458,
,,,33,62.9973544035,1374.775
23,62.9972224615,526.909,34,62.9972742377,686.924,
,,,35,62.9973124677,1555.605
24,62.997258103,471.552,36,62.997287826,656.175,
,,,37,62.9973049456,1613.62
,,,38,62.9974930351,1291.68
25,62.9972883142,410.254,39,62.9973025282,346.9465,
,,,40,62.9972925829,1462.65
,,,41,62.9972964146,1652.39
,,,42,62.9973207479,1494.475
,,,43,62.9973534807,1351.23
,,,44,62.997306376,1713.16
,,,45,66.00965708,1775.59
,,,46,66.0097251253,1853.49
,,,47,66.0097332193,139.0675
,,,48,67.0189234728,1043.45
,,,49,71.0139415988,1421.1
26,62.997261687,343.384
27,67.0190664611,1034.05
28,68.9957591162,282.3845
29,71.0139188037,1385.87,50,71.0141426623,1293.24,
30,71.0139642141,1156.32,51,71.0138484241,981.814,
31,71.0142356755,1253.08,52,71.0139435263,1354.525,
32,71.0139542261,992.4
33,71.0139590232,1107.185,53,71.0138946326,1196.27,
34,71.0139197481,950.2295,54,71.0138330679,788.616,
,,,55,71.0138224683,909.813
35,71.0137822895,889.794,56,71.0138867229,1031.05,
36,71.0140222353,1313.35,57,71.0138992608,1141.94,
37,71.0140808739,1035.35
38,71.0138116517,772.931,58,71.0138183322,647.973,
39,71.0137574564,639.668,59,71.0138036156,475.7585,
40,71.0137447338,469.498
41,71.0142019407,1207.57,60,71.0140019131,1101.06,
,,,61,71.0140215995,1250.73
42,72.9696842543,1627.7,62,72.9698244088,1689.24,
,,,63,72.9931171593,1420.73
,,,64,72.9930584241,742.286
,,,65,72.9931464293,1121.57
43,72.9930835395,1384.3,66,72.9932473291,1229.04,
44,72.9930476264,751.257
45,72.993462373,1199.095
46,73.0294488689,1127.92
47,73.029584677,1326.405,67,73.029542193,1166.43,
,,,68,73.0296090775,1370.92
,,,69,74.0250152981,1355.925
48,74.0249874482,1314.16
49,74.024786188,994.065
50,74.0246184966,887.7445,70,74.0248138581,1020.64,
,,,71,74.0248379718,907.8275
,,,72,74.0245910145,1271.79
51,74.0248497855,1230.13
52,74.96795557,1628.01,73,74.9681454533,1689.91,
,,,74,75.0087364608,1449.23
,,,75,75.0087934027,1152.32
,,,76,75.0088869448,1117.47
53,75.0085770709,1418.3
54,75.0087073583,1121.47,77,75.0087074472,1279.44,
55,75.0089701537,1239.885,78,75.0087140512,1404.18,
,,,79,76.9701407339,1824.815
,,,80,76.9701853483,1371.67
,,,81,76.9700747162,1755.43
56,75.0088896971,1086.76
57,75.0091123556,1200.3
58,76.9698820336,1732.875,82,76.9701406069,1541.95,
59,76.9701254561,1162.48
60,76.9699935288,1579.25,83,76.9700745282,1474.285,
61,76.9698609663,1498.54,84,76.9702333789,1651.69,
,,,85,76.9702052149,1620.05
,,,86,78.9189771078,1185.13
62,78.9191195923,1170.64
63,78.9591052604,1355.08,87,78.9592671118,1468.8,
64,78.9591121231,1445.4,88,78.9592345335,1396.55,
65,78.959054895,1407.21,89,78.9593464924,1212.315,
66,78.9589153361,895.904
67,79.9574673798,1287.53
68,79.9574985723,998.4445
69,79.957535546,923.029
70,79.9573128687,1473.825,90,79.9575017821,1328.635,
,,,91,79.9574275465,1494.75
,,,92,79.9575207579,939.098
,,,93,79.9574349073,1014.73
,,,94,80.9168961077,1185.13
,,,95,81.0459612436,1084.715
,,,96,82.0298842058,1001.755
,,,97,82.9542144941,674.63
,,,98,82.9541704598,727.933
,,,99,82.9751363737,1586.97
,,,100,83.0141399457,1291.105
71,80.9170659499,1170.66
72,81.0461938598,1054.58
73,82.0298795184,980.003
74,82.9542607564,692.9735
75,82.974804463,1545.81
76,83.0143375521,1252.43,101,83.0140878841,1066.13,
77,84.0096448281,1207.83
78,84.0097517014,1252.67
79,84.0089801542,1736.61
80,84.0093534542,1327.56
81,84.0091204624,1387.87,102,84.0094653058,1246.52,
82,84.0089805427,1584.36
83,84.0089895043,1665.62
84,84.0090259245,1492.995
85,84.0090498372,1447.71,103,84.0095634065,1291.96,
,,,104,84.0092354358,1370.58
,,,105,84.0455412197,1020.545
,,,106,84.951304736,729.98
,,,107,84.9513643307,672.58
,,,108,85.0295283221,1042.3
,,,109,85.02943063,1487.52
,,,110,85.0294652871,979.7375
86,84.0455406449,992.3595
87,85.0297192679,1034.08,111,85.0295287009,1140.06,
,,,112,85.0294942073,477.254
88,85.0298191744,1251.16,113,85.0294798976,1410.99,
89,85.0296660028,1319.55
90,85.0294206984,1371.55
91,85.0292858132,1464.54,114,85.029691269,1290.655,
92,85.0298655722,1201.61,115,85.0295837253,1361.625,
,,,116,85.0297968445,1238.46
,,,117,85.9999325826,1775.66
,,,118,86.0000207024,1850.86
,,,119,86.0001362487,1817.53
,,,120,85.9998322931,139.311
,,,121,85.9997295511,239.2055
93,87.0085321612,1462.78
94,87.0088830599,1371.58,122,87.008989835,1218.745,
95,87.0091055858,1314.69,123,87.0087942107,1411.23,
96,87.0092537702,1183.01,124,87.00892658,1357.905,
,,,125,87.009057443,1302.47
,,,126,87.0086480476,750.489
,,,127,87.0086749843,1488.465
,,,128,87.0085963043,907.3075
97,87.0092755528,1261.175,129,87.0087291372,1134.17,
,,,130,87.0086090229,457.205
,,,131,87.0451117529,826.391
98,87.0450447347,779.082,132,87.0451094338,624.397,
99,88.0408550395,1244.47,133,88.0404995366,1338.835,
,,,134,88.0405775685,1284.24
,,,135,88.0403934943,853.076
100,88.0405434172,1296.735
101,88.0403618927,830.34
102,88.9880993472,1467.735
103,88.9880345708,1413.055,136,88.9881287969,1490.38,
,,,137,88.9880860725,1443.46
,,,138,89.0244780103,1420.67
104,89.0245309068,1384.12
105,89.0246270732,891.838,139,89.0244839572,1027.26,
,,,140,89.024447292,783.286
106,89.025107362,1252.68
107,89.024697822,1156.32,141,89.0248757056,1293.265,
108,89.0244976297,766.793,142,89.024754378,907.317,
,,,143,89.0245371237,1360.225
,,,144,89.0244446167,1852.015
,,,145,89.0243685786,1486.465
109,89.0246960204,998.451
110,89.0247388718,1318.21,146,89.0245436512,1200.45,
,,,147,89.0244018955,1765.34
,,,148,89.0246358884,1099.05
111,89.0249351856,1068.16,149,89.0247254012,1250.72,
112,89.0243581778,1732.42,150,89.0243827324,1550.1,
113,89.0243558138,136.833
114,89.0250372465,1209.61
115,89.0243687014,1584.865
116,89.024353758,1462.03,151,89.0243973687,1618.23,
117,89.0244127601,639.67
118,89.0243457869,1521.23,152,89.0244027703,1654.13,
119,89.024377194,1669.69,153,89.0243933447,1721.56,
,,,154,90.0097774106,1773.57
,,,155,90.0098156471,1818.635
,,,156,90.0097808632,232.5195
,,,157,90.0280590744,907.756
,,,158,91.0395881565,914.822
,,,159,93.0094529525,1852.71
,,,160,93.0094840419,1771.88
,,,161,94.0049009758,1851.955
,,,162,94.0048987342,1775.53
,,,163,94.0048461599,137.688
120,89.0244041422,572.014
121,89.0243793568,319.299
122,89.024403672,695.018
123,89.0243966142,180.517
124,90.0280182943,891.843
125,91.0395507194,887.7375
126,94.9808665096,1162.47
127,94.9807389423,908.8315
128,94.9807965413,1112.31
129,94.98059896,134.981
130,94.9808456931,1004.49,164,94.9807667666,1194.49,
131,94.9806871544,1733.16,165,94.9808785284,1824.835,
132,94.9811074888,1066.105,166,94.9808528136,1250.78,
133,94.9806816448,459.249
134,94.980638074,1497.98
135,94.9810507925,1214.06,167,94.9808733025,1373.065,
,,,168,94.9807754556,1148.18
136,94.9807067856,859.042
137,94.9807771064,803.704
138,94.9806369615,407.998
139,94.980620094,209.0825
140,94.9807270005,758.575,169,94.9808658933,920.7385,
141,94.9806521324,522.809
142,94.9806995984,717.5705
143,94.9806479863,580.2095
144,94.9806449088,371.086
145,94.9806474384,299.325
146,94.9807307615,1447.47
147,94.9811152102,1580.37,170,94.9807838694,1755.025,
,,,171,94.9810002445,1543.93
148,94.9809061623,1328.53
149,94.9811837983,1669.15,172,94.9807683644,1473.35,
,,,173,94.9812404321,1620.635
,,,174,94.9808949034,1289.69
,,,175,94.9812418748,1651.92
150,96.9697151359,1355.085
151,96.9704634709,1203.48,176,96.9697786887,1396.565,
152,96.9698461587,1407.855,177,96.9701811368,1236.35,
153,98.0247586088,888.4045,178,98.0248615251,1019.06,
154,98.0249751615,992.306,179,98.0248617646,908.498,
,,,180,98.9673310698,1240.29
,,,181,98.9670777941,1213.255
155,98.9675602631,1203.45
156,99.0093781609,1250.63
157,99.0094042306,1205.52,182,99.0089902702,1043.64,
,,,183,99.0091375351,1289.75
,,,184,99.009027318,1358.91
158,99.0092922613,1316.23
159,99.0089892583,1371.47,185,99.009222164,1240.47,
,,,186,99.0089178791,1409.53
,,,187,99.9258009362,1603.53
,,,188,100.004160125,738.1805
,,,189,100.022697954,705.379
,,,190,100.040647553,1101.33
,,,191,100.040606377,1064.07
160,99.009297734,1032.86
161,100.004165022,752.428
162,100.022663186,672.471
163,100.040993446,1068.16
164,100.040868355,1023.05,192,100.040504275,1168.535,
,,,193,100.985825608,1584.905
,,,194,101.024548599,1166.64
,,,195,101.024479647,1409.785
165,100.040651439,1129.93
166,100.985634061,1545.78
167,101.024730706,1129.66,196,101.024749597,1293.485,
,,,197,101.024557338,1360.75
168,101.024593438,1369.565,198,101.024867708,1236.34,
169,101.02509763,1253.67,199,101.024661509,1066.14,
,,,200,101.024608588,1103.12
,,,201,101.024415657,985.695
,,,202,101.024448047,1029.07
,,,203,101.024180301,1558.325
170,101.024853359,1318.28,204,101.024363033,1491.11,
171,101.02519473,1197.625
172,101.025044794,1070.2
173,101.025015883,1027.16
174,101.024803077,1006.65
175,101.06075081,713.471
176,102.05643463,1272.235
177,102.056376353,1166.57,205,102.056181641,1314.23,
,,,206,102.05606311,1204.69
,,,207,103.003712974,1408.6
178,102.056062916,1430.745
179,103.003871091,1369.52,208,103.003726644,1178.98,
180,103.004014517,1147.725
181,103.040139436,957.448
182,103.040109574,858.5365,209,103.040099878,979.6175,
183,103.040084768,725.775,210,103.040152674,876.7245,
,,,211,103.04017383,734.087
,,,212,103.999029886,1199.2
,,,213,103.999018285,1142.08
184,103.998933651,865.19
185,103.999486796,1057.975,214,103.998884968,894.993,
186,103.999419114,1160.155
187,103.999244293,1108.02
188,103.999496955,1251.17,215,103.999138936,1082.62,
,,,216,104.035599317,1363.77
,,,217,105.019593601,1119.47
,,,218,105.019320296,1435.44
,,,219,106.023123083,1119.74
,,,220,111.000306589,1773.54
,,,221,111.019943707,965.595
,,,222,111.020107443,901.858
189,103.998933607,816.388
190,103.999307289,1332.705
191,104.035815653,1320.56
192,105.019862703,1088.66
193,105.019394945,1400.75
194,105.019352468,1437.3
195,106.023483723,1090.33
196,111.020243547,945.144
197,111.020078104,865.187,223,111.020075955,732.036,
,,,224,112.02322402,732.036
,,,225,112.023228049,901.376
198,111.020033694,697.069
199,112.023232648,695.023,226,112.022735979,797.636,
,,,227,112.040499809,1371.73
,,,228,112.988540237,1240.36
,,,229,112.98829739,1207.35
200,112.040897505,1325.48
201,112.985914265,277.715
202,112.988868271,1205.52,230,112.988400533,1066.18,
203,112.988725397,1017.0655,231,112.988474188,1140.23,
,,,232,112.985670933,307.642
,,,233,113.024523261,1024.84
204,112.988666701,1113.26
205,112.988973411,1070.21
206,113.024741991,992.305
207,113.024771541,1156.425,234,113.024594036,981.801,
,,,235,113.024551621,1194.47
,,,236,113.024367692,1256.96
,,,237,113.024750652,1295.635
,,,238,114.056314817,1133.88
,,,239,114.936165593,1825.405
208,113.024931212,951.293
209,114.056729035,1096.86
210,114.936316923,278.304,240,114.93624272,374.977,
,,,241,114.936212355,252.8475
,,,242,115.003791025,1421.955
211,115.003943557,1386.1,243,115.003951734,1305.81,
212,115.004363889,1265.335,244,115.003833487,1105.16,
,,,245,115.021000985,909.05
,,,246,116.035632527,955.508
,,,247,116.035266462,908.5745
213,115.004125451,1105.135
214,115.076620657,365.222
215,116.072534235,1078.41
216,116.071847454,975.945,248,116.072048082,1115.42,
,,,249,116.071712113,1010.42
217,116.92849887,1587.18,250,116.928663348,1783.84,
218,116.928467175,1731.47,251,116.928588138,1606.315,
,,,252,116.928580658,1626.925
,,,253,116.934370754,368.922
219,116.959785756,1627.775,254,116.959776529,1688.615,
220,116.982986629,1453.44
221,117.019879151,1328.53
222,117.01957544,766.784
223,117.020313673,1195.23,255,117.019551046,1372.57,
,,,256,117.019443581,783.286
,,,257,117.019690069,1213.76
,,,258,117.019914813,1240.695
224,117.05577014,502.304
225,117.055765876,579.357,259,117.055797874,466.038,
,,,260,117.055793637,576.218
,,,261,117.075337895,1115.44
,,,262,117.9287775,1605.93
,,,263,117.928772642,1627.54
,,,264,117.963093836,1689.045
,,,265,118.05089278,1552.12
,,,266,118.050713676,1269.39
226,117.075816596,1076.38
227,118.050927843,1585.85
228,118.05161197,1229.78
229,118.95832161,1627.24,267,118.958343989,1688.77,
,,,268,119.036324822,139.526
,,,269,119.036322605,1101.07
,,,270,119.036323019,949.446
230,119.03632245,1198.0,271,119.036322895,1014.515,
,,,272,119.036322148,1240.69
,,,273,119.036323945,1851.45
,,,274,119.036322044,1292.15
,,,275,119.036322611,1767.51
,,,276,119.03632282,1193.31
231,119.036321554,1252.68,277,119.036322883,1068.18,
,,,278,119.036324389,238.928
232,119.036324661,934.7295
233,119.036325142,1316.22,279,119.036322971,1146.545,
,,,280,119.036321504,1416.73
234,119.036322774,1068.16,281,119.03632377,879.38,
,,,282,119.03632132,1364.315
235,119.036329077,138.8545,283,119.03632552,318.2515,
,,,284,119.036320232,1465.18
236,119.036318999,1732.61
237,119.036325617,1373.62,285,119.036320905,1558.52,
,,,286,119.036321098,1618.125
,,,287,119.036325925,490.298
,,,288,119.036324679,703.222
,,,289,119.036324529,758.693
,,,290,119.036324329,197.6685
,,,291,119.036325169,795.607
,,,292,119.036325046,439.716
,,,293,119.036325365,386.667
238,119.036323214,1578.64
239,119.036326159,1127.62
240,119.036323792,1023.07,294,119.036324252,832.024,
,,,295,119.036326439,539.313
241,119.036323919,1496.4,296,119.036320885,1659.115,
,,,297,119.036325822,619.276
,,,298,119.036320063,1916.36
,,,299,119.03632507,660.272
,,,300,119.036320051,1953.27
,,,301,119.036320668,1531.565
,,,302,119.036320743,1709.37
,,,303,121.040848526,508.505
,,,304,122.085750196,1115.45
,,,305,122.967824763,1586.95
,,,306,122.967785516,198.995
,,,307,124.00755075,1328.495
,,,308,124.991591567,1014.52
,,,309,125.001217606,1212.61
242,121.040761212,506.403
243,122.025416705,1333.22
244,122.08632758,1078.41
245,122.967739783,1545.82
246,123.902562124,1170.57
247,124.00768801,1287.53
248,124.992053183,998.35
249,125.001682649,1174.77,310,125.001009048,1254.09,
250,125.001652721,1217.85
251,125.035769871,551.5055
252,125.035808083,727.828,311,125.035654378,568.0175,
,,,312,125.035673832,777.141
,,,313,126.904864219,1813.285
,,,314,126.904835551,1779.71
,,,315,126.904843328,781.236
,,,316,127.076650868,1070.34
,,,317,128.03538152,975.706
,,,318,128.035472023,1313.99
,,,319,128.035106982,1515.01
,,,320,129.019650126,1043.35
253,126.033243232,719.622
254,126.056949041,1215.77
255,126.90493229,822.0025
256,128.035940097,1271.775
257,128.035737171,953.088
258,129.020246984,1034.59
259,129.01972766,1371.57
260,129.020395891,1250.63,321,129.019468051,1411.2,
261,129.019902883,1107.07,322,129.019802909,1290.08,
,,,323,129.019685481,1360.21
262,129.020120044,1318.235,324,129.019530194,1137.98,
263,129.020147841,937.458
264,129.020469607,1197.285
265,129.019938424,1156.245,325,129.019545999,975.3835,
,,,326,129.019399719,1485.045
266,129.019520405,904.142
267,129.019487286,801.628,327,129.019497546,930.383,
268,129.01948681,1462.42
269,129.019423042,467.455
270,129.019444541,697.07,328,129.019387748,876.458,
,,,329,129.019273432,475.33
,,,330,129.019807679,1216.635
271,129.019589167,1495.01
272,129.019484454,857.808,331,129.019382129,734.087,
,,,332,129.019912038,1246.72
,,,333,129.019365714,805.8415
,,,334,130.022901461,1043.335
,,,335,130.020876842,1121.56
273,130.023409577,1033.31
274,130.023078473,1371.58
275,130.023325751,1250.63
276,130.021599024,1090.71
277,130.023531932,1317.485
278,130.023135283,1156.31,336,130.022840983,1289.9,
279,130.023679231,1199.37,337,130.023159012,1359.66,
,,,338,130.023045863,1211.64
,,,339,130.02288481,1410.15
,,,340,130.051264068,855.1875
,,,341,130.087485494,979.657
280,130.051319608,834.432
281,130.087926754,984.099
282,130.088066661,943.102,342,130.087587452,1020.45,
,,,343,131.08267003,1722.845
,,,344,131.090810809,979.663
283,131.082811566,1693.72
284,131.091077143,984.1
285,131.091390369,943.101,345,131.090760074,1020.48,
,,,346,132.030400516,1338.87
286,132.030717827,1296.875,347,132.030420723,1105.18,
,,,348,132.092610851,979.511
,,,349,132.092551352,1018.81
,,,350,132.868095864,1210.105
,,,351,132.868181103,1246.46
,,,352,132.923554124,1814.62
287,132.031045075,1076.335
288,132.868788366,1209.85
289,133.015145776,1384.34,353,133.014349183,1501.17,
290,133.0144099,1487.295,354,133.015005616,1420.76,
,,,355,133.991911009,565.971
,,,356,134.01794525,1420.74
,,,357,134.047256562,833.7855
291,134.018247976,1384.39
292,134.047405517,793.3345,358,134.047218206,637.7195,
,,,359,134.865645312,1210.02
,,,360,134.865720127,1246.45
,,,361,134.893640556,1209.11
,,,362,134.893107546,1244.64
,,,363,135.030030113,1449.145
293,134.047281084,592.5125
294,134.866241595,1209.64
295,135.030040002,1418.25
296,135.030429734,1119.41,364,135.031357819,1000.01,
297,135.030689348,1310.81,365,135.030172232,1150.28,
,,,366,135.031404845,923.99
298,135.030155192,1457.1
299,135.030547379,1154.2,367,135.030257524,1353.29,
,,,368,135.030100743,1479.135
,,,369,135.03022011,1188.89
,,,370,136.033507674,1150.5
,,,371,136.03345856,1448.425
300,135.031541547,965.647
301,135.031563099,889.7875
302,136.033650671,1418.135
303,136.033884981,1119.41,372,136.034235092,923.904,
304,136.03365433,1457.05
305,136.033905345,1154.025
306,136.034188588,1312.12,373,136.03345904,1478.99,
,,,374,136.033470811,1187.18
,,,375,136.107667463,979.727
,,,376,136.863112891,1209.755
,,,377,136.863147766,1246.52
,,,378,137.034442613,1448.24
,,,379,137.035658947,664.375
307,136.03433527,887.743
308,136.108176812,943.099
309,137.034626897,1417.92
310,137.034624695,1456.925
311,137.034889503,1119.5
312,137.035791887,643.77
313,138.019773702,134.528
314,138.941679444,1615.72,380,138.941510752,1672.33,
,,,381,140.012007644,1373.845
,,,382,140.071903456,1136.75
315,140.012446315,1330.65
316,140.072380403,1157.76
317,140.072773845,1070.21,383,140.071882687,1197.23,
318,140.072406814,1107.205,384,140.071794538,926.804,
,,,385,140.071792773,978.7615
319,140.072298499,943.095
320,140.072141851,1341.98,386,140.071791777,1164.59,
,,,387,140.071823441,1386.38
,,,388,140.071743545,1473.41
,,,389,140.071890552,1062.33
,,,390,141.923828308,1851.48
,,,391,141.923780795,137.56
,,,392,142.999215543,1244.49
,,,393,144.012968026,709.481
,,,394,144.030524798,1002.195
,,,395,144.975552582,1584.95
321,142.051113729,457.777
322,142.051132957,510.506
323,142.999888582,1209.29
324,144.030754855,980.006
325,144.975582521,1544.85
326,145.015105101,1316.23
327,145.015482315,1251.65,396,145.014397026,1408.54,
328,145.01473713,1368.31,397,145.014704013,1212.23,
329,145.015489903,1185.32,398,145.014461496,1358.92,
,,,399,145.014678588,1290.82
,,,400,145.014752991,1245.52
,,,401,145.050663375,859.32
,,,402,145.062341032,1308.645
,,,403,145.098480243,1616.295
,,,404,146.018121547,1212.46
,,,405,146.028264122,588.514
,,,406,146.028244079,543.412
330,145.050970044,837.696
331,145.051039455,414.147
332,145.062901702,1267.03
333,145.098531162,1607.06
334,146.02840357,574.062,407,146.028107461,713.5835,
,,,408,146.046150411,1020.695
335,146.046583811,994.342
336,146.046796148,1271.71
337,146.046118069,1431.43,409,146.04630996,1313.99,
,,,410,146.101537505,1617.36
338,146.96650439,938.998,411,146.966122604,820.25,
339,147.03034458,1490.05,412,147.030233651,1371.46,
340,147.030353228,1454.985,413,147.030638906,1292.08,
341,147.030585821,1373.42
342,147.030840205,1326.59
343,147.031489339,1252.61,414,147.030125665,1414.76,
,,,415,147.030155517,1043.665
,,,416,148.033607459,1371.17
344,147.03163768,574.059
345,148.034271476,1326.575,417,148.033548591,1408.575,
,,,418,148.044227521,1039.39
,,,419,149.046642905,1039.27
,,,420,149.045891582,956.83
346,148.034034427,1372.87
347,148.044017245,510.504
348,148.044881442,1004.5975
349,148.044012755,459.251
350,149.047161719,1004.603
351,149.046366719,943.097,421,149.045817581,1115.42,
,,,422,149.045832533,1252.78
,,,423,150.023198174,900.164
,,,424,151.026419779,1053.96
,,,425,152.002699059,939.368
,,,426,152.029337163,1053.92
,,,427,152.986588866,1454.815
,,,428,153.030930165,1051.9
,,,429,153.030430254,1080.6
,,,430,154.06260675,1287.53
352,151.027100113,1025.11
353,152.003215393,923.6485
354,152.030057789,1025.11
355,152.986778477,1424.31
356,153.031541837,1034.195
357,154.063520011,1248.335,431,154.062312412,1363.03,
,,,432,154.062173166,1549.915
358,154.063035853,1320.33
359,154.06236009,1584.22
360,154.915731627,1627.95,433,154.915610888,1690.1,
,,,434,154.947373618,1759.05
,,,435,154.947757205,1531.06
361,154.947586873,1732.835
362,154.947716481,1492.55,436,154.947466874,1371.555,
,,,437,155.010240687,963.709
,,,438,155.065686513,1287.96
363,155.010886973,945.1415
364,156.914261082,1629.96,439,156.914027725,1690.98,
,,,440,157.013534722,926.8125
,,,441,157.051125469,1357.705
,,,442,158.046632404,1051.68
,,,443,158.911746241,113.545
,,,444,160.061871048,907.2825
,,,445,160.098019046,991.835
,,,446,160.842641473,1245.8
,,,447,160.911466937,112.912
,,,448,160.911471467,1877.41
365,157.01386473,906.194
366,157.051713361,1314.12
367,158.119393308,955.402
368,160.062091815,887.745
369,160.098596025,955.5615
370,160.949688004,1627.945,449,160.949559073,1689.06,
371,160.997249851,137.641
372,160.997756766,738.0825
373,160.997245652,215.2775
374,160.997196358,252.146
375,160.997225616,302.206,450,160.997012773,137.474,
,,,451,160.997099566,1853.485
376,160.997270184,428.4985,452,160.996985607,235.364,
377,160.997248429,379.2495,453,160.99702654,273.581,
378,160.997347388,563.803
379,160.997407157,690.919
380,160.997273272,510.5055,454,160.997036673,313.792,
,,,455,160.99711405,637.4795
,,,456,160.997034444,461.41
381,160.997240766,338.236,457,160.99707828,522.9055,
382,160.997318492,479.7495,458,160.997031969,345.053,
,,,459,160.997091304,680.782
,,,460,160.997327466,1777.67
,,,461,160.99726731,1816.6
383,160.997385712,619.1645,462,160.997467569,754.59,
,,,463,160.997078098,574.1575
,,,464,160.997122268,711.529
,,,465,161.045813165,1368.08
384,161.046360392,1326.63,466,161.045707414,1413.42,
385,161.045980156,1377.67,467,161.046883727,1296.29,
,,,468,162.839645778,1246.42
386,161.045677833,682.7255
387,162.948912456,1626.11,469,162.948638216,1690.155,
,,,470,162.960191317,1586.97
,,,471,163.02510462,1409.745
388,162.960240283,1545.8
389,163.025421447,1371.53,472,163.025294082,1179.73,
,,,473,163.061598728,1072.46
,,,474,164.035460877,1826.44
,,,475,164.072020971,924.75
,,,476,165.019718067,1287.62
,,,477,165.040751981,1199.48
390,163.025762415,1148.12
391,163.062396092,1037.42
392,164.035579456,131.4655
393,164.035610049,206.4725
394,164.072185955,891.84
395,165.020756718,1247.14
396,165.041932052,1209.62
397,165.041376148,1162.46
398,165.041421516,1097.14,478,165.040970345,1247.81,
,,,479,165.040636722,1129.765
,,,480,165.041051642,258.931
,,,481,165.075254436,924.5675
,,,482,166.014893111,1379.03
,,,483,166.018103338,848.252
,,,484,166.054473007,198.91
,,,485,166.054112201,1378.16
399,165.041143004,253.486
400,165.041324277,302.324
401,165.07551554,891.841
402,166.015568422,1334.63
403,166.018486332,829.067
404,166.055075231,1157.69,486,166.054580664,1291.18,
,,,487,166.054337884,1469.92
,,,488,166.054392908,1757.255
,,,489,166.957689746,1585.375
,,,490,166.97535404,1468.48
,,,491,167.021464565,1170.57
,,,492,167.057433697,198.981
,,,493,168.991180507,1364.62
,,,494,169.098370206,991.71
,,,495,169.098390514,1616.47
405,166.05465551,204.977
406,166.957680181,1545.76
407,166.975641313,1444.44
408,167.022149923,1135.84
409,168.992029577,1320.86
410,169.098558114,1733.245,496,169.098351709,1551.83,
411,169.098561653,1587.34,497,169.09834644,1748.61,
,,,498,169.09838532,1656.715
,,,499,169.098369729,874.335
,,,500,169.098379868,1137.97
,,,501,169.098484784,1256.855
412,170.997157585,1733.255
413,170.997964097,1010.533
414,170.997435019,1398.8
415,170.998304417,1063.795
416,170.997382228,865.1895
417,170.997273023,1488.19,502,170.997976225,1357.97,
,,,503,170.99703974,1810.39
418,170.99790174,1107.37
419,170.997383928,695.023
420,170.997289947,1452.09
421,170.999154328,1314.25,504,170.99695624,1475.015,
,,,505,171.066713585,1070.32
,,,506,172.061821575,933.3755
,,,507,172.958063969,1759.08
,,,508,172.958279269,1531.63
422,171.067429414,1037.08
423,172.958376871,1733.245
424,172.958490709,1492.795,509,172.958247763,1368.275,
425,172.958541039,1448.42
426,172.959124361,1322.39,510,172.9581204,1472.615,
427,173.010796782,1207.33,511,173.009226747,1375.2,
,,,512,173.00955064,1290.1
,,,513,173.00878825,1485.43
428,173.010063822,1012.8,514,173.009537766,1207.18,
429,173.010077518,1330.57,515,173.009354238,1133.165,
430,173.010611858,1250.84,516,173.009320081,1072.35,
431,173.009206393,1464.88
432,173.009898007,1114.89,517,173.009848276,1242.31,
,,,518,173.104654919,1722.73
,,,519,173.957844498,1759.02
,,,520,173.957931484,1374.92
,,,521,174.041123758,1332.735
433,173.104947718,1694.045
434,173.95803019,1732.62
435,174.023564795,586.363
436,174.041563489,1287.53,522,174.041104418,1201.53,
,,,523,174.056284668,376.3385
,,,524,174.107490545,1722.785
437,174.056784636,373.0095
438,174.107703285,1694.03
439,174.947516739,1354.48,525,174.947256045,1438.8,
,,,526,174.94723841,1396.34
,,,527,175.025573771,1306.1
,,,528,175.072714318,1105.08
,,,529,175.071876323,1137.97
,,,530,176.002551812,1012.59
,,,531,176.038766722,606.973
,,,532,176.936523998,1395.31
,,,533,177.004246451,1434.02
,,,534,177.040944953,1131.83
,,,535,178.018250501,881.464
,,,536,178.051434856,541.282
,,,537,178.051259318,479.219
440,174.947519644,1404.51
441,175.026330256,1266.025
442,175.072546872,1105.07
443,176.003318468,992.08
444,176.039155981,590.462
445,176.936766642,1353.405
446,176.937051559,1404.08
447,177.004562129,1398.51
448,177.04178625,1099.82
449,178.051576788,520.751
450,179.056771046,1408.35
451,179.057100327,1158.37
452,179.057492136,1078.41,538,179.056443459,1197.43,
453,179.057632888,1251.515,539,179.056414303,1440.16,
454,179.057259469,1012.8,540,179.056581782,1109.12,
,,,541,179.056075511,1257.21
455,179.057371818,1217.82,542,179.056426703,1039.27,
,,,543,179.0566526,1292.44
,,,544,180.067035648,1164.58
456,179.057076924,1328.105
457,180.06767086,1125.59
458,181.070831326,1125.56,545,181.072557067,1222.06,
,,,546,181.070168801,1164.45
459,181.073517581,1184.83
460,182.931666599,1613.675,547,182.931344798,1672.73,
,,,548,183.004956675,1812.68
,,,549,183.004934266,1857.58
461,183.989357248,1684.98,550,183.989699147,1779.71,
462,183.989369265,1730.09
463,184.062633751,1156.2
464,184.063110636,1066.18,551,184.061849063,1137.72,
465,184.062693858,1010.748,552,184.061846199,1196.03,
,,,553,184.0619701,1094.92
466,184.062614776,1107.11,554,184.061984738,1291.45,
467,184.062081988,867.2395
468,184.062742488,941.042
469,184.063043859,1251.385,555,184.061763336,1357.85,
470,184.062250991,1129.66,556,184.061808633,975.838,
471,184.061971278,1449.32
472,184.062394781,1341.825,557,184.061770985,1168.68,
,,,558,184.06186836,1068.19
,,,559,184.061762049,923.908
,,,560,184.061563882,1472.455
,,,561,184.061738832,1386.78
,,,562,184.968090393,1584.98
,,,563,184.986004034,1444.745
,,,564,186.045881781,908.345
,,,565,187.007420951,329.527
,,,566,187.007411106,267.1185
,,,567,187.042354267,908.3455
,,,568,187.108891382,754.577
,,,569,187.120149654,1758.93
,,,570,188.939793466,1586.94
,,,571,188.981941927,1503.325
,,,572,189.004331193,781.734
,,,573,189.004618825,1214.51
,,,574,189.004250825,846.924
473,184.968219535,1545.675
474,184.986400459,1412.59
475,186.046304048,892.197
476,187.007752953,280.89
477,187.042758503,891.8385
478,187.10923567,736.026
479,188.036214706,528.952
480,188.093332958,451.0445
481,188.093243274,500.259
482,188.939779057,1545.79
483,188.982339946,1473.73
484,189.004775475,766.7775,575,189.00425339,901.208,
,,,576,189.040868536,1030.95
485,189.005840954,1184.53
486,189.004643395,865.058
487,189.041687542,1004.606,577,189.040137925,1135.96,
,,,578,190.015083136,131.3305
,,,579,190.015430418,1832.6
,,,580,190.051064031,377.074
488,189.040879088,1103.08
489,190.015230117,130.425
490,190.055155118,510.641
491,190.055205129,461.302,581,190.054701788,524.85,
,,,582,190.054594979,473.606
,,,583,191.019916839,781.2375
,,,584,191.019979298,732.224
492,191.020751412,1371.425
493,191.021116893,1035.065,585,191.019981039,844.426,
494,191.021691688,1253.135,586,191.02019316,1410.06,
,,,587,191.020064161,1043.62
495,191.021315152,1314.245,588,191.020057173,1490.615,
496,191.021051077,1107.21,589,191.020561671,1292.87,
497,191.020374754,1466.735,590,191.020391437,1357.4,
498,191.021946452,1190.71
499,191.020519338,865.19
500,191.021212981,938.906,591,191.020249476,1137.98,
501,191.021188865,1156.17,592,191.020229316,973.94,
,,,593,191.020617097,1214.73
502,191.020305507,695.02,594,191.020104868,894.154,
503,191.020511914,908.2465
504,191.020375401,807.787
505,191.020278943,733.9755,595,191.020205816,930.9065,
506,191.057920365,461.296,596,191.057571351,524.9285,
,,,597,191.057671318,473.6115
,,,598,191.08283309,740.234
507,191.0578931,510.505
508,191.083195551,701.175
509,192.023958885,1371.38,599,192.023304175,1490.29,
,,,600,192.023860659,1138.18
510,192.023693377,1465.89,601,192.023701654,1292.86,
511,192.024874526,1252.68,602,192.023349312,1408.815,
,,,603,192.023431646,1356.64
512,192.024433661,1314.53,604,192.023814112,1213.795,
513,192.023866952,865.19,605,192.024125904,980.3725,
514,192.02590456,1070.2,606,192.023513354,895.034,
515,192.024607157,1107.14
516,192.024974362,939.002,607,192.024924204,1099.02,
,,,608,192.052097198,524.9285
,,,609,192.052451583,473.617
,,,610,192.049169776,294.7915
517,192.029034888,1037.395
518,192.034340325,986.151
519,192.05253194,510.508
520,192.04950595,291.1225,611,192.049151661,348.57,
,,,612,194.031454405,1014.52
521,192.052824833,461.709
522,193.027344863,1035.34
523,193.035865004,1394.77
524,193.035339404,1367.49
525,194.032232479,986.155,613,194.031464107,1070.28,
,,,614,194.905960194,1810.44
,,,615,194.905904413,1629.37
,,,616,194.946854931,1396.15
526,194.031956037,1037.425
527,194.906276874,1586.945
528,194.947410445,1353.62,617,194.946648796,1439.54,
,,,618,195.051212643,1277.15
,,,619,195.051931658,1235.93
529,194.947127186,1403.6
530,195.052954399,1240.05
531,195.053183986,1199.37,620,195.051288827,1358.08,
,,,621,195.81140714,1207.65
,,,622,195.811729793,1247.67
,,,623,195.905973937,1630.11
,,,624,196.054369252,1275.66
,,,625,196.05604651,1234.395
,,,626,197.055453583,1275.49
,,,627,197.056563958,1234.395
,,,628,197.808356387,1207.68
,,,629,197.808604507,1247.35
532,195.08668328,1693.61
533,196.056290358,1238.415
534,198.905822823,1627.84,630,198.905404508,1689.57,
,,,631,199.038067344,918.208
,,,632,199.805366384,1207.68
,,,633,199.805660848,1248.62
535,199.038440625,895.642
536,200.904433711,1628.2,634,200.904051883,1689.655,
,,,635,202.090888053,286.7955
,,,636,202.108585329,991.86
,,,637,202.108698798,403.3725
,,,638,203.050092121,623.186
,,,639,203.050106389,578.178
,,,640,204.067004174,750.487
537,201.1360866,1542.74
538,202.091372666,286.5345
539,202.109377033,957.445
540,202.109137353,395.698
541,203.050466126,592.512
542,204.088728648,957.445
543,204.088815757,914.47,641,204.087874602,991.96,
,,,642,204.999193793,1505.27
,,,643,205.035524703,1480.255
,,,644,205.083295039,1135.92
,,,645,206.031117172,1258.015
,,,646,206.049072813,899.069
,,,647,206.046999133,199.111
544,204.999656613,1484.675
545,205.035802027,1466.76
546,205.036086571,1436.09
547,206.033074161,1213.73
548,207.015437387,1418.98
549,207.016196053,1309.97,648,207.014913365,1450.66,
,,,649,207.015013325,1351.42
,,,650,207.014896602,1386.1
,,,651,207.06003436,362.0665
,,,652,207.077807517,983.8475
,,,653,208.018398204,1450.55
,,,654,208.02542459,1825.435
550,207.01578022,1340.87
551,207.015598235,1365.27
552,207.06060473,353.665
553,207.070544796,1189.17
554,207.07881479,947.195
555,208.018841483,1418.94
556,208.026739564,135.2845
557,208.065889132,619.165
558,208.065783599,691.946,655,208.06506638,623.3765,
,,,656,208.986384297,1208.17
,,,657,208.986552754,1244.38
559,208.987906793,1209.62
560,209.031519152,1371.59
561,209.031924694,1314.18
562,209.032370305,1253.19,658,209.030692667,1410.675,
563,209.032229884,1192.36,659,209.030749149,1356.59,
564,209.030391363,1445.07,660,209.030927696,1293.7,
,,,661,209.030767527,1221.52
,,,662,209.029921289,1471.53
,,,663,209.067417218,1236.79
,,,664,209.990199005,1244.58
,,,665,210.033898319,1410.46
,,,666,210.033728348,1355.04
565,209.06877632,623.266
566,209.991701065,1211.18
567,210.03478225,1371.59,667,210.034342472,1222.025,
,,,668,210.972526044,1490.61
,,,669,210.983797731,1208.55
,,,670,210.983899864,1244.58
,,,671,211.035161472,1409.845
,,,672,211.060457455,1717.695
,,,673,214.022116843,1045.585
568,210.035687083,1193.22
569,210.985270543,1209.65
570,211.035917656,1372.42
571,212.04272046,992.354
572,212.043376906,947.197
573,214.023431372,1014.857
574,214.050194309,1305.95
575,214.050738522,1258.82,674,214.049017315,1347.26,
,,,675,214.049214969,1299.48
,,,676,215.019932759,465.478
,,,677,215.033431472,1199.48
,,,678,215.033563765,1248.65
576,214.095391934,385.443
577,215.034946119,1213.19,679,215.03382007,1295.27,
578,215.054687196,1305.98,680,215.055870737,1171.01,
579,215.057912995,1068.17,681,215.056514239,1140.02,
,,,682,215.053886719,1348.03
580,215.057622401,1109.17
581,215.056686445,1137.79,683,215.05573311,1312.43,
,,,684,215.056283288,1101.065
,,,685,215.056801607,1068.23
,,,686,216.036912347,1199.48
,,,687,216.037100247,1248.71
,,,688,216.070230421,350.368
,,,689,217.030686525,1254.88
,,,690,217.031609227,1293.69
,,,691,217.065508113,773.038
582,216.03865873,1214.01
583,217.066217345,740.1265
584,217.08447321,945.144
585,217.083577106,906.1925,692,217.083235968,973.6145,
,,,693,217.083151364,930.901
,,,694,217.119331222,785.339
,,,695,218.103736391,847.638
,,,696,219.03255778,1121.58
,,,697,219.046640921,1224.03
,,,698,219.098978318,1070.21
,,,699,219.107096019,848.178
,,,700,220.050432888,1224.46
,,,701,220.082883428,1101.7
586,217.119958186,772.934
587,218.104295172,820.083
588,219.04828107,1189.12
589,219.107819301,818.0395
590,220.065785302,438.745
591,220.084219018,1066.11
592,220.887779214,1617.59,702,220.887336095,1679.23,
,,,703,221.012611921,911.3485
,,,704,221.066963608,1371.32
,,,705,221.093338845,623.3735
,,,706,223.028582115,258.931
,,,707,223.069635162,1224.06
593,221.068059612,1330.5
594,221.067838567,1379.71
595,221.09375338,598.6635
596,222.099702154,1127.62
597,223.071184415,1188.985
598,224.020830445,131.5855
599,224.020946576,205.326,708,224.02048039,132.978,
,,,709,224.020406442,1830.95
,,,710,224.062561987,311.738
,,,711,224.062551948,347.108
,,,712,226.013143746,1242.65
,,,713,226.9970932,1207.21
,,,714,226.997162134,1238.81
,,,715,227.140035784,732.027
,,,716,227.139691615,467.484
,,,717,228.001785744,1239.05
,,,718,228.932053077,1586.95
,,,719,228.994844399,1239.095
,,,720,228.99457961,1207.495
,,,721,229.156006749,381.5685
,,,722,229.998381671,1240.39
,,,723,230.114680339,978.134
,,,724,230.99907491,1242.17
,,,725,231.135109432,727.931
,,,726,232.094059477,1158.45
,,,727,232.924993385,1377.155
600,225.068496416,1189.11
601,226.014727876,1207.58
602,226.942746237,1445.39
603,226.998795469,1205.465
604,227.129444167,297.144
605,227.140188856,442.8465
606,227.140530519,695.024
607,228.003532242,1205.525
608,228.93246277,1545.83
609,228.996519881,1205.52
610,230.000392519,1209.62
611,230.115874543,951.298
612,232.095052964,1121.585
613,233.021016089,129.4115
614,233.021396357,204.9495,728,233.020648974,131.322,
,,,729,233.020643078,1843.245
,,,730,233.078238759,1366.165
,,,731,234.004849208,131.328
,,,732,234.004949919,1834.84
,,,733,234.007692477,1283.135
,,,734,234.02587509,1388.1
,,,735,234.062199986,1099.02
,,,736,234.914206513,1438.275
,,,737,235.072705647,916.428
,,,738,235.953725517,1786.2
615,233.079594393,1322.675
616,234.00523315,131.636
617,234.026972825,1344.98
618,234.914803434,1402.49
619,235.073505176,881.594
620,235.954874104,1320.33
621,236.006543535,1011.33,739,236.005153966,1136.07,
622,236.00645882,1105.145,740,236.005306867,1287.965,
,,,741,236.005226562,1076.43
,,,742,236.005057654,474.5375
623,236.005767195,467.455
624,236.007119394,1066.12
625,236.861986491,1627.985,743,236.861305177,1689.56,
,,,744,236.988282858,1425.58
,,,745,237.091672389,984.208
,,,746,237.124653881,979.69
,,,747,237.124699897,729.98
626,236.989092248,1392.12
627,237.092353268,961.632
628,237.125141105,1732.395
629,237.126103628,941.046
630,238.860491829,1627.995,748,238.859785248,1690.29,
,,,749,239.060157207,258.5445
,,,750,239.093212495,752.534
631,239.060613325,253.174
632,239.093768437,715.5255
633,239.140750403,1731.47,751,239.140227016,1618.07,
,,,752,239.140201989,1739.83
,,,753,242.051352368,1261.095
,,,754,242.052409773,1289.925
,,,755,243.056063719,1293.79
,,,756,243.054985037,1262.27
634,240.087713287,820.0825
635,241.120117026,442.615
636,242.053701165,1250.63
637,243.063590196,865.1875
638,243.064816932,1045.6,757,243.062838087,901.7865,
,,,758,243.06317511,1080.565
,,,759,243.087885534,992.138
639,243.088775751,1014.4325
640,243.088630419,975.899
641,243.088816754,939.0005,760,243.087351062,1055.72,
,,,761,243.086582269,936.533
,,,762,243.086170132,1250.59
,,,763,244.05985554,1295.82
,,,764,245.007007123,522.912
,,,765,245.030679402,957.553
,,,766,245.030578072,904.314
,,,767,245.04369688,1174.75
642,244.061694044,1255.86
643,245.031930121,943.097
644,245.046327969,1198.98
645,245.045011697,1139.48,768,245.044304088,1234.45,
,,,769,246.110625934,1137.215
,,,770,247.042039562,1236.04
,,,771,247.093889729,975.435
,,,772,247.137469008,1808.62
,,,773,248.079325154,637.7535
646,246.054364239,1197.32
647,247.043991101,1198.99
648,247.095345104,946.745
649,248.975277005,303.438,774,248.975192227,137.4765,
,,,775,248.973725565,1199.335
,,,776,248.973282258,1460.16
,,,777,248.973780132,1140.02
,,,778,248.973530752,1373.01
,,,779,248.973776353,1289.69
,,,780,248.973982331,951.439
,,,781,248.973707852,1250.73
,,,782,248.973881631,1082.605
,,,783,248.976685355,1788.19
,,,784,248.973943278,880.716
,,,785,248.975336414,1853.215
,,,786,248.973498098,1558.26
,,,787,248.974456286,321.17
,,,788,248.97468935,244.088
,,,789,248.973336941,1613.675
,,,790,248.974764103,518.803
,,,791,248.974715983,576.151
,,,792,248.974492381,701.279
,,,793,248.973821302,1029.8
,,,794,248.97466181,611.073
,,,795,248.974808207,449.724
,,,796,248.974073746,818.0905
,,,797,249.976193018,1794.0
,,,798,249.976121185,137.4775
,,,799,249.975802146,1199.24
,,,800,249.975539813,1460.17
,,,801,249.975807904,1140.86
,,,802,249.97591861,951.403
,,,803,249.975914173,1289.27
,,,804,249.975757732,1372.275
,,,805,249.975827336,1250.86
,,,806,249.976130222,1853.29
,,,807,249.975792893,1002.55
,,,808,249.976006283,242.2675
,,,809,249.975804728,880.303
,,,810,249.97590611,1084.67
,,,811,249.975404431,1556.6
,,,812,249.975969309,321.992
,,,813,249.975489377,1613.645
,,,814,249.975943115,701.279
,,,815,249.976015808,512.664
,,,816,249.975838696,824.2885
,,,817,249.976003012,571.095
,,,818,249.975473434,1657.385
,,,819,249.975777809,1031.45
,,,820,249.975511447,1703.51
,,,821,249.975883525,758.6805
,,,822,249.976025014,455.26
,,,823,250.057052667,1018.64
,,,824,250.976070635,1853.48
,,,825,250.976424295,1794.04
,,,826,251.031249321,137.434
,,,827,251.031266024,1828.89
650,251.031740835,134.1145,828,251.0315228,197.129,
,,,829,251.060293049,1018.685
,,,830,251.944501283,113.149
,,,831,251.944497313,1879.45
,,,832,251.944451843,1955.32
,,,833,252.015847108,139.169
,,,834,252.015551155,1826.575
,,,835,252.015856601,198.967
651,251.03233041,205.03
652,251.1047683,690.9185
653,252.016267942,141.3835,836,252.015818426,242.818,
654,252.016262165,206.096
655,252.925273083,1401.595
656,252.925755469,1352.96,837,252.924429498,1438.275,
,,,838,253.012437326,1825.33
657,253.019067124,141.1745
658,253.050924401,510.508
659,253.050961675,462.3725,839,253.050265279,522.917,
,,,840,253.050265316,473.487
,,,841,253.130837255,894.639
,,,842,253.944154183,112.207
,,,843,253.944171565,1879.18
,,,844,253.944137929,60.937
,,,845,253.944176349,1950.93
660,254.017311586,1156.07,846,254.01597803,1073.625,
661,254.017560994,1012.806,847,254.015864568,1137.815,
662,254.017370968,1106.025,848,254.016068122,1288.395,
,,,849,254.017173489,1826.76
,,,850,254.913693233,1395.45
663,254.017998135,1066.1
664,254.914730013,1354.08,851,254.913808619,1438.07,
,,,852,255.019175052,1287.995
,,,853,255.098886208,853.949
,,,854,255.23325906,241.8985
,,,855,255.233180264,137.66
,,,856,255.233237125,1191.28
,,,857,255.233188775,1252.78
,,,858,255.233246979,1374.975
,,,859,255.233215996,1418.86
,,,860,255.233200895,916.552
,,,861,255.233126767,1771.89
,,,862,255.233201713,1853.7
,,,863,255.233227987,1816.73
,,,864,255.233255049,1142.07
665,254.914720062,1400.755
666,255.234128971,244.47,865,255.233234514,376.038,
,,,866,255.233163481,1465.41
,,,867,255.233113688,1551.29
,,,868,255.233138842,1612.76
667,255.233946977,340.03
668,255.233853095,139.038
669,255.235218354,1213.62,869,255.233203342,1034.23,
,,,870,255.233201435,604.9175
,,,871,255.233151063,1654.555
,,,872,255.233333746,1074.42
670,255.234033783,906.189,873,255.233205769,707.43,
671,255.234672509,1158.37
672,255.234481369,1109.165
673,255.234681019,1006.74
674,255.235116226,1055.86,874,255.23315505,862.9835,
675,255.233942781,840.589,875,255.233223083,1002.01,
676,255.233937986,588.411,876,255.233174723,754.5835,
,,,877,255.233221755,479.727
,,,878,255.233212501,504.586
,,,879,255.233282488,955.5985
,,,880,255.233177764,549.565
,,,881,255.233188051,794.5755
,,,882,255.233440541,1291.56
677,255.233991226,492.0535,883,255.233196087,639.777,
,,,884,255.233187052,1347.12
678,256.061608477,1070.39,885,256.059674741,1197.06,
,,,886,256.059627783,1160.53
,,,887,256.059713335,1102.13
679,256.061168833,1110.08
680,256.060828685,1131.72,888,256.059708101,1068.18,
,,,889,256.059659635,1138.6
,,,890,256.101548519,259.562
,,,891,256.236547286,242.04
,,,892,258.116809315,266.183
681,256.102369561,267.556
682,256.237348499,244.761
683,258.05953267,1070.525
684,258.059427514,1131.71
685,258.117505537,269.7405
686,258.984325182,1162.47
687,259.023705961,1406.265
688,259.023808224,1357.36,893,259.022745664,1437.22,
,,,894,259.022813702,1396.31
,,,895,259.13015074,1103.14
,,,896,260.088900992,1364.53
,,,897,261.006543329,1045.48
,,,898,261.061963032,113.7785
,,,899,261.062062493,1879.46
,,,900,261.061987478,19.5615
,,,901,261.062020271,1916.04
,,,902,261.061968703,1949.17
,,,903,262.988815861,1853.5
,,,904,262.988789644,1806.39
689,259.132184179,1070.365
690,260.090552744,1322.38
691,261.008671477,1033.3
692,262.989409452,137.897
693,262.991002912,1152.205
694,262.989642006,246.449
695,262.990224733,918.494
696,262.990604652,1105.09
697,262.98964881,305.532,905,262.988816179,137.563,
698,262.989945242,969.7455
699,262.989734209,840.592
700,262.98966755,430.5465,906,262.98882614,245.6595,
701,262.98968672,508.4585,907,262.988819463,316.143,
,,,908,262.988988757,1140.03
,,,909,262.989041512,951.49
702,262.991186925,1057.9,910,262.988865875,883.751,
,,,911,262.989226604,1088.77
703,262.989711291,389.4275
704,262.989677614,656.07,912,262.988835725,458.2985,
705,262.989674155,586.361
706,262.989732777,688.871,913,262.988798932,506.5115,
,,,914,262.988849886,627.4425
707,262.989698184,551.51,915,262.988840265,691.023,
,,,916,262.988844395,549.796
,,,917,262.989341957,1190.66
,,,918,263.077541354,1369.61
,,,919,263.103974743,635.624
,,,920,263.103970324,572.119
708,262.989736391,758.5575
709,262.997497845,1176.79
710,263.104832934,580.215
711,263.104906429,533.0565,921,263.103976575,725.885,
712,264.108204453,580.2155,922,264.107357966,635.5605,
,,,923,265.119448822,467.516
,,,924,265.148138122,219.4835
,,,925,265.148070643,1855.705
,,,926,265.148108368,1811.265
,,,927,265.148052369,732.033
,,,928,266.045358652,623.369
,,,929,266.045373484,574.054
,,,930,266.151166809,219.4825
713,265.149400664,231.784
714,265.148934113,695.0255
715,266.04621993,592.5065
716,267.073870817,1298.15
717,267.074968713,1251.255,931,267.072491401,1340.86,
,,,932,267.072982397,1291.065
,,,933,267.073977361,997.995
,,,934,267.146781934,801.743
,,,935,268.01066636,1816.59
,,,936,269.060686641,740.238
,,,937,270.101639776,990.36
,,,938,270.946155528,1185.13
,,,939,271.228173982,230.744
,,,940,272.921762818,1586.78
,,,941,272.944320274,1185.14
,,,942,273.076598776,820.193
,,,943,275.054990106,1238.555
,,,944,276.018804065,943.661
718,267.074997087,963.604
719,267.147590679,785.314
720,269.061569745,701.173
721,270.948108567,1166.59
722,271.229041687,239.476
723,272.922275911,1545.72
724,272.946260526,1167.15
725,274.112936829,299.335
726,275.033373973,510.506
727,275.057260732,1203.46
728,276.854705238,1608.37,945,276.853778614,1678.615,
,,,946,277.074432681,1018.65
,,,947,278.114921581,791.491
,,,948,279.039264953,899.87
,,,949,279.099048743,1082.61
729,276.854695357,1649.23
730,279.04027446,863.144
731,279.093330589,1620.46
732,279.1011039,1049.7
733,279.234212524,243.958
734,279.234020988,331.676,950,279.233191185,240.147,
,,,951,280.061235189,770.988
,,,952,280.079513169,973.628
,,,953,280.079093358,934.098
,,,954,281.0881073,1368.345
735,281.089985887,1326.48,955,281.088048557,1412.63,
,,,956,281.099668913,846.695
736,281.089411479,1378.18
737,281.100738747,820.086
738,281.108728189,1595.55,957,281.107909899,1660.91,
739,281.249688951,330.2515,958,281.248796234,239.708,
,,,959,282.093560943,1252.78
,,,960,282.102259547,846.842
,,,961,283.030670003,1293.53
,,,962,283.078719652,1135.93
740,281.249912714,242.301
741,282.103312224,820.087
742,283.081454065,1068.16
743,283.080857408,1016.904,963,283.07868463,1168.68,
744,283.080276267,1106.21
745,283.080267225,1133.77,964,283.078868642,1066.15,
,,,965,283.079009531,1099.14
,,,966,283.264266267,237.9605
,,,967,284.081751592,1135.93
,,,968,284.082041341,1099.075
,,,969,284.082033037,1066.15
746,283.265456257,241.88
747,284.084296446,1068.16
748,284.084147332,1016.901,970,284.08181821,1168.7,
,,,971,285.084504151,1135.94
,,,972,285.088318611,1068.35
,,,973,285.229745702,1555.455
,,,974,286.177404767,406.031
,,,975,288.120880344,1213.29
,,,976,288.997035781,1404.615
,,,977,289.0377763,906.587
,,,978,290.063380408,737.058
,,,979,290.099620277,1371.16
,,,980,290.135814956,977.577
749,284.083076242,1107.04
750,284.083187974,1133.77
751,284.268717252,241.81
752,285.223438121,256.4945
753,287.16648318,369.7985
754,288.122760901,1174.77
755,288.951388351,1465.87
756,288.998543379,1365.47
757,290.064411024,688.868
758,290.101544228,1328.97
759,290.993995765,1176.84
760,292.828737199,1627.025,981,292.827680028,1690.28,
,,,982,292.92386533,1395.98
,,,983,293.176414514,246.927
,,,984,293.997875062,1043.33
761,292.925230287,1353.32
762,293.177399322,252.339
763,293.999317061,1031.25
764,294.032091539,1244.48
765,294.031440087,1314.18
766,294.030436463,1452.78,985,294.02916145,1283.295,
,,,986,294.02919014,1356.305
,,,987,294.903898427,1586.95
,,,988,294.993711342,1043.425
,,,989,294.993800757,1490.895
,,,990,294.993565878,1401.49
,,,991,295.032033855,1283.12
,,,992,296.028078723,1283.13
,,,993,297.046737051,1125.72
767,294.180349909,253.0615
768,294.904577452,1545.835
769,294.995901199,1032.47
770,295.034986285,1244.48
771,297.104061314,1619.735
772,297.974515894,1281.38,994,297.972871682,1361.3,
,,,995,297.972797771,1323.77
,,,996,298.114488559,1266.87
773,297.974992971,1316.23
774,298.862699248,1628.08,997,298.861732015,1689.665,
,,,998,299.024680894,1279.24
,,,999,300.009357604,1176.93
,,,1000,300.040001534,1084.67
,,,1001,300.039318643,1142.07
,,,1002,300.112934254,918.746
,,,1003,300.979411079,1853.405
,,,1004,300.979442806,1780.24
,,,1005,301.151209749,915.687
,,,1006,302.007374899,1177.21
,,,1007,302.073157899,1250.73
,,,1008,303.233372279,237.359
775,299.027124362,1239.26
776,300.048777758,1274.6
777,301.152025544,893.896
778,303.234433246,241.533,1009,303.233063842,310.234,
,,,1010,304.085189728,1022.64
,,,1011,304.115402134,1305.48
,,,1012,304.151553513,896.1745
,,,1013,304.236636772,237.422
,,,1014,305.032920445,1119.52
,,,1015,305.248218083,237.9335
,,,1016,306.058497217,898.844
,,,1017,306.07552706,1438.63
779,304.116803652,444.897
780,304.152588507,867.239
781,304.237800738,241.352
782,305.035440388,1088.66
783,305.249582102,241.56
784,306.059425957,863.141
785,306.079879467,1250.62
786,306.079100678,1316.215
787,306.076215085,1414.72,1018,306.077269547,1291.06,
,,,1019,306.076880639,1358.295
788,306.090200847,994.355
789,306.089900985,953.347,1020,306.088194662,1026.61,
,,,1021,306.088128397,983.7845
,,,1022,307.007476604,1406.845
,,,1023,307.061312731,898.807
790,307.009156253,1367.49
791,307.062609137,863.141
792,307.086737147,953.346,1024,307.08499409,1026.78,
,,,1025,307.084927814,983.801
,,,1026,308.058167768,1812.68
,,,1027,308.062787023,898.671
,,,1028,308.088481539,983.7885
793,307.086883024,994.353
794,308.012606646,1367.49
795,308.064114843,863.132
796,308.090601395,994.3545
797,308.090216548,953.345,1029,308.088545066,1026.79,
798,308.102203004,1182.97,1030,308.099133863,1088.74,
799,308.101712394,1059.99,1031,308.09998082,1219.76,
,,,1032,309.103380593,1219.73
,,,1033,310.024079181,1355.83
,,,1034,310.024478935,1297.52
,,,1035,310.129700965,979.767
,,,1036,310.129978895,925.0
,,,1037,310.123375012,1267.14
,,,1038,311.111094937,1266.9
,,,1039,311.168735205,221.401
,,,1040,311.168632247,1813.26
,,,1041,312.128437179,251.299
,,,1042,313.004382742,1398.545
,,,1043,313.078859942,257.992
,,,1044,314.142791622,276.3235
,,,1045,316.03483109,1324.13
,,,1046,318.09657589,1250.83
,,,1047,320.07385427,777.133
800,309.105834344,1182.97
801,310.027185496,1254.91
802,310.026274594,1312.2
803,310.131551318,941.044
804,310.126864166,1230.12
805,310.990401657,1428.6
806,313.005551434,1449.49
807,313.079401663,253.0285
808,314.143801735,274.273
809,315.142813561,299.892
810,316.036342736,1281.735
811,317.11225312,1350.65
812,317.114576962,1316.23
813,320.075240107,729.8755,1048,320.073922858,549.569,
814,320.844622058,1608.13,1049,320.843203978,1677.61,
,,,1050,321.041627349,463.413
,,,1051,322.045386843,1351.55
,,,1052,322.108956362,729.98
,,,1053,324.057642644,1105.05
,,,1054,325.046966771,131.439
815,320.844635544,1647.83
816,321.042605455,438.8815
817,322.110136846,695.022
818,323.090165043,638.643
819,325.047820904,130.826,1055,325.047213744,197.28,
,,,1056,325.183890063,219.484
,,,1057,325.184221228,1813.58
,,,1058,326.099969949,633.619
,,,1059,326.099829948,580.321
,,,1060,326.109755259,1125.665
,,,1061,327.057531983,1150.55
,,,1062,327.233255136,233.837
,,,1063,328.155548671,1773.66
,,,1064,328.925166999,1816.48
,,,1065,328.925114868,1851.42
,,,1066,329.124056801,1292.665
,,,1067,329.124578726,1205.63
,,,1068,329.23364093,338.533
,,,1069,330.203110687,394.817
,,,1070,330.202804377,433.705
,,,1071,331.126878079,1357.37
,,,1072,332.056297214,742.2845
,,,1073,333.05925302,1399.4
,,,1074,333.091836788,295.0785
,,,1075,333.091812284,348.57
,,,1076,334.094982838,294.763
,,,1077,334.096002116,1111.32
,,,1078,334.125892105,1291.3
,,,1079,334.896268308,1586.955
,,,1080,336.817397787,1689.395
,,,1081,336.89881947,1824.9
,,,1082,337.084791503,1299.79
820,326.033139685,129.513
821,326.101054702,580.21
822,327.059528402,1119.12
823,327.059841293,1152.21
824,327.104680062,578.161
825,327.234582084,238.317
826,328.159623264,314.217
827,329.126231646,1255.28
828,329.234756349,317.7055
829,329.234974219,282.373
830,330.903436451,1400.12
831,332.057794915,701.1745
832,332.110581905,1392.27
833,333.060943368,1362.75
834,333.093179887,291.3765
835,334.096307651,291.094
836,334.881622222,1353.39
837,334.897297834,1545.83
838,335.079025962,1203.48
839,336.818829397,1627.94
840,337.90704021,137.645
841,337.908255577,1155.57
842,337.909008775,1051.76
843,337.907323698,246.0255
844,337.907362792,302.232,1083,337.905945279,137.5335,
,,,1084,337.90585911,1185.11
,,,1085,337.905804213,1853.94
845,337.907622045,915.6475,1086,337.905983933,1080.56,
,,,1087,337.905852828,1813.29
846,337.907377115,863.137,1088,337.90587535,1022.64,
,,,1089,337.906084943,949.3605
,,,1090,337.905848343,899.3665
847,337.907929719,986.117,1091,337.905894477,1145.82,
848,337.90822176,1108.045
849,337.907487948,695.023
850,337.907479444,394.8375,1092,337.906095489,316.251,
,,,1093,337.906027922,727.934
851,337.907650817,424.621,1094,337.906065713,256.663,
,,,1095,337.906194946,460.013
852,337.907553247,485.987,1096,337.906294006,372.3245,
853,337.907509312,531.009,1097,337.906032632,686.932,
854,337.907433356,344.795,1098,337.906073592,543.413,
,,,1099,337.905882894,853.209
855,337.907492669,646.8425,1100,337.905927638,811.992,
856,338.817429552,1626.1,1101,338.815974485,1689.55,
,,,1102,338.906723937,1854.11
,,,1103,338.90624724,1817.975
857,338.908702684,137.502
858,338.908386533,304.827,1104,338.908139903,137.9145,
,,,1105,338.908086345,1183.13
,,,1106,338.908139918,947.2415
,,,1107,338.908138259,261.224
,,,1108,338.908003582,900.101
,,,1109,338.90810462,368.5305
,,,1110,339.076591302,1303.555
,,,1111,339.141156575,1096.97
859,339.143922429,1066.1
860,339.905150711,137.808
861,339.906377207,1156.185
862,339.907131871,1051.76
863,339.905388345,245.995,1112,339.904054463,137.5615,
,,,1113,339.904004655,1185.13
,,,1114,339.904155279,1854.14
864,339.905684788,914.396,1115,339.904148488,1080.565,
,,,1116,339.904323818,1812.79
865,339.905431619,302.4225
866,339.905481988,863.138,1117,339.904011337,1022.59,
867,339.906408978,1107.11,1118,339.904222145,949.3945,
,,,1119,339.903985501,899.436
868,339.905961522,985.321,1120,339.904067406,1144.33,
869,339.905503127,695.026
870,339.905420564,394.794,1121,339.904135307,315.913,
871,339.90555242,426.443,1122,339.904110812,258.006,
,,,1123,339.904174159,459.362
872,339.905520815,531.003,1124,339.904215356,372.963,
873,339.905541673,485.9515
874,339.905516958,574.058,1125,339.904096113,725.8855,
,,,1126,339.904123766,535.214
875,339.905507261,809.829,1127,339.904096289,670.53,
876,339.905483447,621.218,1128,339.904023348,817.94,
,,,1129,339.904006652,853.1585
,,,1130,339.904069024,182.632
877,339.905483899,750.569,1131,339.904116833,578.2675,
878,339.905440022,186.573
879,341.110973189,1377.72
880,341.111893558,1324.41,1132,341.109160629,1411.49,
,,,1133,341.109317308,1365.98
,,,1134,342.11318378,1411.62
,,,1135,342.115131714,1365.415
,,,1136,342.135120391,1773.54
,,,1137,343.053616976,1045.675
,,,1138,343.057343995,133.374
,,,1139,343.124594042,1355.99
,,,1140,344.042396098,1828.66
881,342.114926186,1377.63
882,342.117267744,1322.42
883,343.056376932,1031.26
884,343.05718313,131.1755
885,343.12718622,1312.13
886,344.044043629,135.31
887,344.043873776,205.023,1141,344.044869093,137.0015,
,,,1142,344.067262503,1066.095
,,,1143,344.978177611,1813.125
,,,1144,344.979131512,1854.48
,,,1145,344.978989223,1775.59
,,,1146,346.119436957,924.528
888,344.069842945,1031.275
889,346.120860005,889.791
890,346.87449962,1170.965
891,346.874767958,1219.65
892,346.874127228,1302.19
893,346.873455332,1381.88,1147,346.871806187,1199.15,
,,,1148,346.871480411,1256.99
,,,1149,346.871600206,303.618
,,,1150,347.077615629,1219.375
,,,1151,348.064137935,1037.63
,,,1152,348.102803213,361.045
,,,1153,348.869491398,1199.185
894,346.949372836,1429.76
895,347.028514489,1018.96
896,347.886959491,1545.165
897,348.068582187,992.299
898,348.104010199,354.687
899,348.872195874,1170.885,1154,348.869197383,1256.895,
,,,1155,349.059201207,1037.04
,,,1156,349.059009515,978.97
900,348.87250416,1220.09
901,349.06151901,994.354
902,349.061850392,947.114,1157,349.059642846,1101.07,
,,,1158,349.162120972,1297.72
,,,1159,349.16174364,1258.935
,,,1160,350.063502697,977.747
,,,1161,350.064136636,1035.65
903,349.062774013,1070.2
904,350.069093107,992.304
905,350.869841158,1170.715
906,350.86987858,1219.39
907,351.077092726,1151.85
908,351.077011255,1109.22,1162,351.074607358,1187.065,
,,,1163,351.074451049,1146.03
,,,1164,351.217712439,264.707
,,,1165,351.217489038,304.2615
,,,1166,352.221025209,264.1905
,,,1167,352.22098913,303.902
,,,1168,353.232632155,267.953
,,,1169,353.233122271,302.0465
,,,1170,356.120305174,1152.245
,,,1171,356.119865923,1183.76
,,,1172,356.999611813,1397.195
,,,1173,356.999397594,1438.38
,,,1174,358.12589352,1152.31
,,,1175,358.242483855,239.823
909,351.218696714,262.46
910,351.219150195,291.134
911,353.09155394,1162.47
912,353.234491603,285.524
913,356.122443568,1120.925
914,358.244043316,244.075
915,358.800980089,1607.62,1176,358.799548371,1676.76,
,,,1177,359.048515752,1172.83
,,,1178,359.121231263,1293.005
,,,1179,359.120432194,1257.63
,,,1180,361.129229333,1096.97
,,,1181,362.114336155,1053.77
,,,1182,364.098073196,693.084
,,,1183,364.893344571,201.03
,,,1184,364.9851609,1393.8
,,,1185,365.03731388,1296.45
,,,1186,366.050437938,1072.32
,,,1187,366.109025201,1259.03
,,,1188,366.109398179,1294.11
,,,1189,367.052675148,1302.28
,,,1190,367.105349846,1258.935
,,,1191,367.10570077,1294.03
,,,1192,368.11076874,1262.84
,,,1193,368.110009083,1297.89
916,358.801083861,1649.09
917,359.050998083,1139.91
918,364.072845941,467.513
919,364.073024454,513.398
920,364.099426715,649.0505
921,364.987335781,1347.55
922,366.053656643,1043.56
923,366.053139892,1014.861
924,367.883342498,1543.79
925,369.122690828,1164.395,1194,369.121783912,1238.895,
,,,1195,369.115091833,1300.91
,,,1196,369.120456925,1203.53
,,,1197,369.228345207,314.27
926,369.229930008,301.35,1198,369.228047049,397.5295,
,,,1199,371.083757372,1295.12
,,,1200,371.243738782,324.251
,,,1201,372.099165729,131.581
,,,1202,372.116825326,1066.14
,,,1203,372.971361872,1400.02
,,,1204,374.087728093,734.0785
,,,1205,374.08776977,691.0275
927,369.229701769,373.071
928,371.245360105,305.735
929,372.100210197,132.203
930,372.119728448,1025.11
931,372.973577608,1350.92
932,373.086526192,131.221
933,374.089092933,679.644
934,374.77506004,1626.175,1206,374.773428843,1690.295,
,,,1207,375.034456854,230.554
,,,1208,375.036881776,262.997
,,,1209,375.091264266,734.0785
,,,1210,375.113770808,1273.12
,,,1211,375.151608875,1128.75
,,,1212,375.152422196,1094.92
,,,1213,377.009379048,1468.145
,,,1214,377.058987772,1172.83
,,,1215,377.142477215,1853.01
,,,1216,377.142618233,199.165
,,,1217,377.142872713,1191.28
,,,1218,378.108411761,1174.88
,,,1219,379.070021613,1295.55
,,,1220,379.10115594,920.155
,,,1221,379.138326897,1139.19
,,,1222,379.147052593,707.4865
,,,1223,381.203130808,1771.55
,,,1224,381.203390231,1820.7
,,,1225,381.203437619,241.26
,,,1226,381.203141118,977.697
935,375.092462197,678.626
936,377.011829545,1445.39
937,377.061764681,1140.0
938,377.144295486,206.043
939,377.145387558,1154.86
940,378.110816182,1142.32
941,379.102910142,883.643
942,379.148369562,662.223
943,381.11834282,510.508
944,381.118498488,466.84
945,381.205824518,941.044,1227,381.203285979,1111.415,
946,381.204966211,307.0865
947,381.205670903,238.919,1228,381.203279667,317.8805,
948,381.882752971,246.0305
949,381.882816919,299.32,1229,381.881292407,137.533,
,,,1230,381.881300053,322.032
,,,1231,381.88396624,1824.125
,,,1232,381.881309072,245.355
,,,1233,382.103491493,1271.16
,,,1234,382.101103755,1314.36
,,,1235,382.995946123,1395.87
,,,1236,383.047217525,1047.51
950,382.998030921,1350.33
951,383.050507384,1035.36
952,383.051201226,1251.08
953,383.049353817,1371.59,1237,383.047570436,1290.705,
,,,1238,383.100278412,1271.99
,,,1239,383.114689505,1186.68
954,383.117626624,1148.12
955,383.121758156,1375.67
956,383.209387575,292.9445
957,383.882379741,299.334,1240,383.880962545,137.517,
,,,1241,383.880969383,322.5315
,,,1242,383.880959588,249.089
,,,1243,383.880957668,215.149
,,,1244,384.061039602,1072.32
,,,1245,384.10059493,1262.05
,,,1246,385.062936446,1303.58
958,384.063455449,1043.55
959,385.067354936,1041.51
960,385.06647507,1262.93,1247,385.065351639,1072.32,
,,,1248,387.078084709,1277.595
,,,1249,388.081164969,1277.6
,,,1250,388.966209421,1461.54
,,,1251,390.109087052,133.376
,,,1252,390.188352665,1097.885
,,,1253,390.187721512,1133.87
,,,1254,390.981679107,1398.74
,,,1255,391.034518464,1045.66
,,,1256,391.095656417,132.171
,,,1257,391.095010489,1833.03
,,,1258,391.108916065,1275.01
,,,1259,391.154741564,1158.44
,,,1260,392.032329411,1851.98
,,,1261,392.161279899,1158.315
,,,1262,394.056476869,574.009
,,,1263,394.100384681,1101.07
961,388.968194387,1430.58
962,390.110064996,133.362
963,390.191242967,1066.11
964,390.984016575,1350.92
965,391.03784218,1037.03
966,391.096862019,131.22
967,391.157253649,1121.41
968,393.009925548,1418.74
969,393.165191663,444.923
970,394.013155755,1418.665
971,394.058267512,547.412
972,394.163915735,537.161
973,394.16442018,448.9955,1264,394.162069481,582.367,
,,,1265,394.162478531,482.535
,,,1266,394.97631099,1813.1
,,,1267,394.976039542,1775.57
,,,1268,394.976143047,1854.14
,,,1269,396.114135142,1259.1
,,,1270,396.163092336,1105.19
,,,1271,396.162834961,1140.02
,,,1272,396.189091624,760.8455
,,,1273,397.165676171,1105.17
,,,1274,397.206381797,225.316
,,,1275,398.130430636,1133.87
,,,1276,399.132332217,1230.23
,,,1277,399.185094551,405.4
,,,1278,399.221190548,233.176
,,,1279,400.188386226,406.575
,,,1280,400.868103183,1586.96
974,395.100388534,1041.51
975,396.166744592,1076.35
976,396.165592078,1111.22
977,396.190890563,719.254
978,398.133856642,1101.07
979,398.819558208,1627.625
980,399.136083184,1192.91
981,399.187072067,387.953
982,400.094431725,766.781
983,400.190170458,387.834
984,400.869523795,1545.83
985,401.060258769,1371.59,1281,401.057944954,1290.86,
986,401.061829685,1250.995,1282,401.057785041,1408.68,
,,,1283,402.107826206,1042.16
,,,1284,403.121492239,1072.37
,,,1285,403.121930123,1017.66
,,,1286,404.104991683,1363.245
,,,1287,404.178182135,1041.35
,,,1288,405.108104023,1365.25
,,,1289,406.03468071,1399.12
,,,1290,406.902408999,1797.06
987,401.099242863,1195.61
988,401.144607379,512.554
989,402.110859962,1039.37
990,404.108204464,1318.3
991,404.181341672,1010.751
992,405.11061071,1322.39
993,409.237506518,359.735,1291,409.236095408,410.2425,
,,,1292,411.01767489,1461.4
994,410.097817854,1137.88
995,410.100098481,1066.105
996,411.019873971,1432.99
997,411.019630595,1488.45
998,412.113820863,1035.35,1293,412.110289201,1170.625,
,,,1294,412.110350934,1066.1
,,,1295,413.116286619,1134.63
,,,1296,413.123340335,1070.29
,,,1297,413.167866385,894.006
,,,1298,413.200601368,244.34
,,,1299,414.126157196,1070.32
,,,1300,414.199503492,750.488
,,,1301,415.066875127,898.709
,,,1302,415.2160237,254.715
,,,1303,416.089180606,133.376
,,,1304,416.089025194,1844.72
999,412.113146141,1135.82
1000,412.113415799,1109.16
1001,412.884259902,1353.86
1002,413.034851005,1442.72
1003,413.124595559,1045.6
1004,414.128629224,1045.61
1005,414.201485414,692.975
1006,414.20914576,257.49
1007,415.03885464,1420.22
1008,415.217566305,258.23
1009,416.090624965,133.4375,1305,416.088999738,198.981,
,,,1306,417.07483285,131.326
,,,1307,417.07486205,1839.14
,,,1308,417.187243218,1260.985
,,,1309,417.182071284,1206.53
,,,1310,417.187783415,1297.765
,,,1311,418.077250014,131.326
,,,1312,418.07748832,1839.24
,,,1313,418.112653478,1204.12
1010,417.076270409,130.666
1011,418.07870599,130.7085
1012,418.116090171,1166.57,1314,418.112924858,1240.015,
,,,1315,419.079677553,131.36
,,,1316,419.107452816,1236.285
,,,1317,420.097182322,1094.92
,,,1318,425.08085646,1432.465
,,,1319,425.58667775,133.746
,,,1320,426.08111324,1829.66
,,,1321,426.084584031,133.583
,,,1322,426.173148233,1135.92
,,,1323,426.83842174,375.294
,,,1324,427.127146899,1252.78
,,,1325,427.126965347,1301.87
,,,1326,427.179998091,387.155
,,,1327,429.028057474,1465.88
,,,1328,429.1958408,414.737
1013,418.117486429,1198.765
1014,419.070970503,1373.54
1015,419.081094613,130.4895
1016,419.111310132,1196.16
1017,419.15484893,623.266
1018,420.101156172,1059.95
1019,420.802185599,1609.91
1020,420.802488329,1645.68
1021,422.028538207,1418.36
1022,422.184394481,317.538
1023,423.025228736,1417.875
1024,425.083229313,1404.53
1025,425.588225827,133.931
1026,426.085739457,134.142
1027,426.085738102,1404.92
1028,427.182244316,364.9405
1029,429.030440889,1443.28
1030,429.030290672,1490.23
1031,429.197833945,385.595
1032,430.124244161,1135.81
1033,430.125991057,1066.11,1329,430.121600569,1168.73,
,,,1330,430.121502598,1137.575
,,,1331,430.198882627,415.056
1034,430.201014988,385.465
1035,431.318993247,246.2605
1036,431.31789077,295.991,1332,431.31750704,242.033,
,,,1333,433.074652023,899.273
,,,1334,434.09977693,133.3715
,,,1335,434.099558145,199.017
,,,1336,434.099563512,1834.47
1037,432.225429375,303.5235
1038,433.0765118,863.135
1039,434.101267793,131.587,1337,434.099605227,242.041,
,,,1338,434.105649969,1216.59
,,,1339,435.084865169,1831.35
,,,1340,435.08715064,135.426
,,,1341,435.085897428,199.028
,,,1342,435.089509682,898.554
1040,434.101521137,204.797
1041,435.088433604,133.507,1343,435.086119331,244.0655,
,,,1344,435.135012097,1271.04
,,,1345,435.136830075,1239.1
1042,435.087824865,205.029
1043,435.086623561,1400.87
1044,435.086757496,1348.88
1045,435.091731761,865.187
1046,436.090477657,133.4905
1047,436.090214143,205.0485,1346,436.089069069,135.426,
,,,1347,436.087580618,1831.68
,,,1348,436.088258197,199.0235
,,,1349,436.093290185,897.845
,,,1350,436.168613099,811.988
,,,1351,436.28352982,394.386
,,,1352,436.773672564,1688.89
1048,436.095824932,863.142
1049,436.285501708,346.911
1050,436.775794757,1626.09
1051,437.091774994,133.7215
1052,437.091169165,202.9775,1353,437.090753182,135.588,
,,,1354,437.089828991,1830.95
,,,1355,437.090015039,198.966
,,,1356,439.113409322,1808.09
,,,1357,440.860867435,1586.95
,,,1358,441.173374903,1103.12
,,,1359,442.96258289,1396.115
,,,1360,443.140725686,1410.04
,,,1361,444.198843022,1777.69
,,,1362,444.199005406,729.218
,,,1363,444.972966504,1812.795
,,,1364,444.972809176,1775.57
,,,1365,444.972939595,1854.43
,,,1366,444.972981736,137.475
,,,1367,445.200764729,847.1375
1053,439.121496639,623.267
1054,440.862597896,1545.83
1055,442.96552222,1350.735
1056,443.143588629,1376.91
1057,444.201498314,697.0685
1058,444.20424778,820.086
1059,444.97493508,137.324
1060,445.203083573,820.084,1368,445.204754035,979.853,
,,,1369,447.209653217,1008.29
,,,1370,447.311880409,338.5665
,,,1371,449.05335931,227.53
,,,1372,449.060134907,264.214
,,,1373,449.099213496,129.5565
,,,1374,449.159595385,1098.98
,,,1375,451.080206269,1828.885
,,,1376,452.278489004,402.89
1061,447.212676278,982.053
1062,447.313875863,317.6815
1063,448.30983645,348.54
1064,448.317019629,315.669
1065,452.280662668,358.785,1377,452.278126784,484.9305,
,,,1378,453.281770959,412.781
,,,1379,456.081486988,136.012
1066,456.083155091,132.325,1380,456.081615348,199.003,
,,,1381,457.07439606,137.636
,,,1382,457.145770426,1202.72
,,,1383,457.14036429,1242.535
1067,457.145234232,1203.47
1068,457.160229553,539.203
1069,457.160452845,448.999,1384,457.15808598,582.366,
,,,1385,457.158050911,488.061
,,,1386,458.214809579,1096.98
,,,1387,458.755267358,1667.98
,,,1388,460.328049971,382.694
,,,1389,461.160288675,1852.91
,,,1390,461.160303369,1800.245
,,,1391,461.156298093,930.068
,,,1392,461.161706217,381.445
,,,1393,464.314635023,369.61
,,,1394,466.123958512,1343.0
,,,1395,466.123835109,1365.43
,,,1396,466.180963615,832.563
,,,1397,470.009423406,1824.125
,,,1398,471.942746903,1796.89
,,,1399,471.942570942,1855.82
,,,1400,471.9425969,201.103
,,,1401,471.942586618,146.0855
1070,458.218449418,1065.91
1071,459.187023802,717.5735
1072,463.30868236,369.036
1073,464.316882656,330.378
1074,466.127711476,1303.93
1075,466.184703265,803.6885
1076,467.131029139,1306.02
1077,471.945011068,150.804,1402,471.94258872,261.699,
,,,1403,472.056487351,135.405
,,,1404,474.146812692,1345.14
,,,1405,474.729318886,1688.845
,,,1406,476.278329567,397.9245
,,,1407,478.293980745,390.701
,,,1408,479.297500506,395.203
,,,1409,480.309775385,386.446
,,,1410,481.31300365,387.916
,,,1411,482.782424178,1810.44
,,,1412,482.782497851,781.353
,,,1413,484.782031006,1810.465
,,,1414,484.782125983,783.2865
,,,1415,486.056232398,1284.935
,,,1416,491.195975612,416.42
,,,1417,494.970021291,1853.5
,,,1418,494.969618233,1775.55
,,,1419,494.969909563,1813.59
1078,471.944945748,211.1735
1079,474.150727332,1304.185
1080,474.731960719,1626.01
1081,478.296352828,344.043
1082,479.145067005,877.491
1083,480.024967254,1405.145
1084,480.024542076,1448.64
1085,480.312016407,342.388
1086,481.315472084,341.377
1087,484.851859768,1545.87
1088,494.971896255,136.6575
1089,494.972233887,246.011,1420,494.969825239,137.4165,
,,,1421,495.118428443,900.747
,,,1422,495.2965628,398.5325
,,,1423,496.712159911,1669.4
1090,495.212368958,596.6065
1091,495.2991543,361.387
1092,496.71461971,1607.75,1424,496.711601163,1710.11,
1093,496.714872664,1647.67
1094,497.097534926,139.651
1095,497.09780036,204.294,1425,497.095169876,137.4785,
,,,1426,497.09538118,196.9315
,,,1427,498.953929358,1798.045
,,,1428,498.953541872,201.091
,,,1429,498.953546422,1856.87
,,,1430,498.953528494,155.8295
1096,498.956038462,154.022,1431,498.953535987,261.0565,
,,,1432,499.955556346,1797.99
,,,1433,499.955767292,1856.365
,,,1434,500.278486749,373.8585
,,,1435,501.281771138,374.507
,,,1436,502.291966913,378.5605
,,,1437,503.16203719,1409.86
,,,1438,504.165348565,1410.065
,,,1439,506.832066751,1586.95
,,,1440,508.115213832,133.375
,,,1441,509.275547771,463.37
,,,1442,509.288090069,248.455
,,,1443,511.291009931,457.327
,,,1444,512.68549136,1690.32
,,,1445,514.284324609,403.284
,,,1446,516.018494136,463.92
,,,1447,516.309561343,242.932
,,,1448,522.283592918,363.0185
,,,1449,526.125728882,133.334
,,,1450,526.293322125,367.0865
,,,1451,532.268829762,403.0935
,,,1452,533.136350389,1365.525
,,,1453,536.504530023,263.8005
,,,1454,536.729777667,1689.15
,,,1455,544.338521737,239.8775
,,,1456,546.824459272,1586.97
,,,1457,547.167826157,1262.005
,,,1458,547.169230227,1297.38
,,,1459,548.10374208,1153.27
,,,1460,548.104059524,1190.04
,,,1461,549.107329237,1154.29
,,,1462,555.273779333,245.9355
,,,1463,556.326292356,408.9475
,,,1464,557.207211428,926.5055
,,,1465,557.32907646,408.1695
,,,1466,558.331015296,410.155
,,,1467,560.33536946,242.064
,,,1468,560.875247764,1792.53
,,,1469,560.875106519,1855.55
,,,1470,560.875320898,137.478
1097,498.956037433,209.121
1098,498.956400906,1355.35
1099,500.281023316,334.5885
1100,503.165370213,1377.39
1101,503.165330425,1351.17
1102,504.168695967,1377.16
1103,506.834200437,1545.83
1104,508.116884213,132.8455
1105,509.27818119,428.464
1106,511.293601897,420.298
1107,514.286999798,371.187
1108,516.020802539,438.8815
1109,524.288293022,328.0695
1110,526.128475522,132.207
1111,530.28180483,436.1655
1112,533.141116707,1320.57
1113,534.491274935,259.919
1114,536.506506576,259.414
1115,536.732664514,1627.24
1116,537.508989569,259.765
1117,546.827076151,1545.84
1118,548.10772173,1117.37
1119,548.108444007,1154.31
1120,551.151476541,1320.96
1121,556.329041571,359.429
1122,557.210478844,891.847
1123,557.331952297,359.5275
1124,557.46056432,231.086
1125,560.878184777,139.288
1126,560.878521584,863.14,1471,560.875195105,1034.7,
,,,1472,560.875486957,949.619
,,,1473,560.875369503,272.7835
1127,560.880034899,1002.558,1474,560.87521196,1148.22,
1128,560.880131225,1154.27
1129,560.881438512,1051.76
1130,560.879181184,914.3945,1475,560.875319654,1082.62,
,,,1476,560.87511187,1186.44
,,,1477,560.875159209,899.896
,,,1478,560.875343511,201.251
,,,1479,560.875365571,373.204
,,,1480,560.875350525,703.331
,,,1481,560.875375511,504.453
,,,1482,562.87326134,1792.53
,,,1483,562.872774995,1855.55
,,,1484,562.873430001,137.54
1131,562.123835535,986.207
1132,562.125348763,1025.203
1133,562.878204393,1154.25,1485,562.873317497,1035.05,
1134,562.876324065,139.3155
1135,562.878152647,1002.56,1486,562.873311011,1186.695,
1136,562.879452282,1051.76,1487,562.873373365,1148.22,
1137,562.877270424,914.395,1488,562.87345577,1082.61,
1138,562.877944304,1111.17,1489,562.873575353,949.283,
,,,1490,562.873399649,201.089
,,,1491,562.873291208,900.0985
,,,1492,562.873441427,272.77
,,,1493,562.873443124,314.5145
1139,562.876690944,863.14,1494,562.873412097,705.3825,
1140,562.87638165,254.229
1141,562.87664106,215.279,1495,562.873434222,373.407,
,,,1496,562.873384507,758.1735
,,,1497,562.873428062,508.5645
,,,1498,562.873346783,816.15
,,,1499,571.131231829,1061.965
1142,562.876566093,308.2305
1143,562.876711811,508.451
1144,571.137263468,1029.2
1145,571.292157122,341.739,1500,571.289118231,403.61,
,,,1501,572.292590561,404.077
,,,1502,572.298673523,340.443
,,,1503,580.325723246,396.44
,,,1504,582.340988358,394.888
,,,1505,583.256865705,391.705
,,,1506,583.344122157,403.516
,,,1507,584.356902627,390.08
,,,1508,585.175489597,732.7275
,,,1509,585.359913374,391.705
,,,1510,593.478479956,243.92
,,,1511,595.289220605,389.653
,,,1512,595.493905629,243.598
,,,1513,597.304306825,383.184
1146,572.226382564,712.4495
1147,580.328825568,350.966
1148,582.344153383,347.4755
1149,584.359966312,344.829
1150,585.179100486,674.52
1151,585.363206537,345.1445
1152,599.159824453,137.27
1153,599.160477222,205.028,1514,599.157091921,134.5795,
1154,599.323874841,328.06,1515,599.320400207,389.245,
,,,1516,600.16019167,134.2195
1155,600.16302361,137.223,1517,600.160257876,198.996,
,,,1518,600.323756002,388.968
,,,1519,604.325667788,387.261
,,,1520,604.850684208,137.979
,,,1521,604.850442158,1794.06
,,,1522,604.850520124,1853.5
,,,1523,604.850620848,269.998
1156,600.327957421,328.159
1157,601.14294653,1355.16
1158,601.14287578,1378.96
1159,602.146300205,1354.77
1160,603.148058238,1353.18
1161,604.329225849,341.628
1162,604.85360476,138.312,1524,604.85057046,322.0,
,,,1525,604.850553506,709.136
1163,604.853915328,246.866
1164,604.854073859,307.306,1526,604.850604491,463.157,
,,,1527,604.850552138,756.6355
,,,1528,604.850621711,215.379
,,,1529,604.850485529,814.04
,,,1530,606.340206274,386.9
,,,1531,606.850302922,1794.04
,,,1532,606.850348625,138.157
,,,1533,606.850861874,1853.5
,,,1534,606.850292697,269.924
1165,605.853994571,139.415
1166,605.856782237,223.166
1167,606.853304018,138.3845,1535,606.850234905,321.597,
,,,1536,606.850196836,707.431
1168,606.853699084,248.045
1169,606.853700292,305.1855,1537,606.85022965,461.9615,
,,,1538,606.850170064,809.9455
,,,1539,607.852190152,138.1315
,,,1540,607.852176106,268.808
,,,1541,611.144808193,1441.43
,,,1542,612.796269486,1586.97
,,,1543,616.470925567,342.344
1170,611.148584984,1419.285
1171,612.799129205,1545.855
1172,617.170575151,133.876
1173,617.17094968,205.0305,1544,617.16778944,133.3715,
,,,1545,617.474386368,350.323
,,,1546,618.170807191,133.372
1174,618.173431186,133.697,1547,618.170714014,199.109,
,,,1548,619.289080169,360.302
,,,1549,621.30336919,360.947
,,,1550,634.371751294,324.571
,,,1551,637.329721313,382.736
,,,1552,645.186297789,137.5495
1175,619.292437065,316.502
1176,621.307300626,315.735
1177,630.245513606,617.1165
1178,645.188383934,142.8595,1553,645.186420355,198.9965,
,,,1554,652.086632142,1829.32
,,,1555,652.330848112,725.886
,,,1556,654.362627522,338.396
,,,1557,665.214726029,1429.205
,,,1558,670.096851623,1827.81
,,,1559,671.097373674,1827.14
,,,1560,681.355675233,381.19
,,,1561,684.167636804,475.692
,,,1562,687.125154991,135.422
,,,1563,687.124412409,1835.04
,,,1564,695.465492071,238.347
,,,1565,697.357126576,317.833
,,,1566,698.362455958,316.725
,,,1567,698.511698411,278.935
,,,1568,700.528138079,278.217
,,,1569,701.531546774,278.2145
,,,1570,714.50790948,279.847
,,,1571,715.511244795,279.875
,,,1572,716.522134635,279.571
,,,1573,717.526209063,279.895
,,,1574,718.760777853,1587.035
,,,1575,722.513278445,274.578
,,,1576,723.516270421,274.67
,,,1577,724.522020576,274.338
,,,1578,725.52665069,274.812
,,,1579,726.5412799,275.9785
,,,1580,735.529112569,349.0305
,,,1581,736.520299247,273.598
1179,652.792409194,1546.775
1180,665.219067928,1402.33
1181,665.781727045,1552.16
1182,666.222315912,1402.075
1183,669.119853576,139.1195
1184,681.35987082,316.91
1185,687.127544805,139.661
1186,695.469522451,235.783
1187,697.361560105,281.766
1188,698.512637284,269.9795
1189,699.120564744,1355.16
1190,700.531829334,267.702
1191,701.534218282,268.589
1192,714.511885876,268.6915
1193,715.515435671,268.89
1194,716.52620944,268.6605
1195,718.764094723,1548.51
1196,722.517089414,265.328
1197,723.520016874,265.3625
1198,724.526114078,265.8145
1199,725.350476807,405.944
1200,725.52936648,266.598
1201,726.543105051,267.195
1202,735.533388645,311.8665
1203,736.525178301,264.8605,1582,736.531742789,348.9445,
,,,1583,738.508267259,276.6365
,,,1584,739.511356485,276.6225
,,,1585,740.522076208,277.62
,,,1586,741.526151087,277.865
,,,1587,742.538202073,277.764
,,,1588,742.53830596,325.386
,,,1589,743.542006134,277.865
,,,1590,744.549631316,278.021
,,,1591,746.513310046,273.095
,,,1592,747.517653134,223.033
,,,1593,747.516497297,273.9355
1204,738.512209937,266.447
1205,738.761237958,1556.21
1206,739.51539192,266.473
1207,740.526181815,266.597
1208,741.530275997,266.836
1209,742.542266645,266.598
1210,743.546119938,266.598
1211,744.553174796,267.7565
1212,746.517056165,264.343
1213,747.522400179,226.197,1594,747.516605242,350.03,
,,,1595,748.521035954,222.948
1214,747.520333495,266.945
1215,748.525661253,225.524,1596,748.527465147,273.114,
,,,1597,748.933352975,1798.215
,,,1598,749.531307327,272.884
1216,748.53114594,264.578
1217,749.524245487,223.6405
1218,749.535118815,264.533,1599,749.540800192,344.822,
,,,1600,750.543843863,272.4935
1219,750.547815388,263.585,1601,750.544246165,350.8675,
1220,751.551335526,263.532,1602,751.547316466,332.731,
,,,1603,751.547377364,272.4935
,,,1604,752.551469563,273.2155
,,,1605,753.554606865,273.602
,,,1606,754.505088379,278.437
,,,1607,758.49801882,264.21
1221,752.55549982,264.423
1222,758.501710186,247.672,1608,758.498137849,318.3535,
,,,1609,759.502131569,264.7755
,,,1610,760.513198118,264.3135
1223,760.517757312,248.1665,1611,760.51342602,318.3695,
,,,1612,761.516969937,264.563
,,,1613,761.518056804,314.519
,,,1614,761.54498983,342.733
,,,1615,762.509393979,274.6355
,,,1616,762.509714991,321.846
,,,1617,762.546990118,342.864
,,,1618,763.19117338,1426.57
,,,1619,763.512079389,275.547
,,,1620,763.512010295,321.192
,,,1621,763.561154747,341.237
1224,761.549216663,307.143
1225,762.547541642,307.6835
1226,763.196581281,1397.71
1227,763.564971557,306.235,1622,763.560292025,440.899,
,,,1623,764.523411309,275.107
,,,1624,764.523525241,320.4695
,,,1625,764.563691235,341.0785
,,,1626,765.526894382,275.496
,,,1627,765.527399658,319.992
,,,1628,765.566611108,340.752
,,,1629,766.53907634,274.338
,,,1630,766.537473691,322.5645
,,,1631,767.542457436,274.335
,,,1632,767.540997547,328.592
,,,1633,768.550762104,275.417
1228,764.199924491,1397.36
1229,764.565789941,306.062
1230,765.201538636,1394.54
1231,765.566615573,306.8045
1232,766.542752746,264.483
1233,767.546229818,264.479
1234,768.554726152,264.531,1634,768.55055836,330.231,
,,,1635,769.5555833,275.841
1235,769.55911533,265.454
1236,771.521406431,225.863
1237,772.525786273,223.759,1636,772.526909789,271.3915,
,,,1637,773.531065262,272.2225
,,,1638,773.532531446,221.41
,,,1639,774.535871653,221.302
,,,1640,774.542532309,270.9235
,,,1641,775.546381103,270.919
,,,1642,776.556697711,271.3195
,,,1643,777.561273955,271.343
,,,1644,778.562459814,304.352
,,,1645,778.572335718,270.358
,,,1646,779.576833519,269.924
,,,1647,780.560505302,300.516
,,,1648,784.512184647,261.826
1238,772.530386486,264.3095
1239,773.536916266,226.02
1240,773.534470643,267.626
1241,774.540181757,223.2655
1242,774.546302814,262.5035
1243,775.550257452,263.073
1244,776.560399783,263.104
1245,777.565248078,262.512
1246,778.573426705,265.683
1247,779.57708115,266.132
1248,784.516836542,245.475,1649,784.512415316,319.092,
,,,1650,785.515731672,262.599
,,,1651,786.524818176,263.8085
1249,785.519974496,245.8815
1250,786.530463442,246.618,1652,786.525604171,319.136,
,,,1653,787.52785763,265.436
1251,787.534348465,246.474,1654,787.529724575,326.715,
,,,1655,788.531180512,269.427
,,,1656,789.534944806,271.494
,,,1657,789.53793899,320.121
,,,1658,789.566113317,338.399
,,,1659,790.539687038,272.154
,,,1660,791.542698828,272.342
,,,1661,791.586980476,338.592
,,,1662,792.540727266,302.2925
,,,1663,792.551097517,270.887
,,,1664,793.543953519,302.196
1252,788.53010012,262.4435
1253,790.542903182,262.906
1254,791.54627176,263.073
1255,792.547969716,275.9485
1256,793.551385011,276.648
1257,794.560150361,280.523,1665,794.555089486,438.924,
,,,1666,794.555238687,371.193
,,,1667,794.555498887,301.6495
,,,1668,795.55864577,301.6505
1258,794.954539144,135.3595
1259,794.955125773,245.767
1260,795.563248523,280.8275,1669,795.558484709,358.75,
,,,1670,796.560389237,301.637
,,,1671,798.529273498,277.486
,,,1672,799.132846769,129.543
,,,1673,802.489239334,287.6405
,,,1674,804.568007624,296.7755
,,,1675,806.588157793,298.169
,,,1676,807.591997874,297.6185
,,,1677,810.528882461,255.0825
1261,796.56320454,280.0725
1262,798.538564932,225.19
1263,798.535553532,271.984
1264,799.136935718,136.939
1265,806.590601817,277.2
1266,810.53326805,242.031,1678,810.528247931,319.045,
1267,811.536610668,242.0385,1679,811.531580852,317.2285,
,,,1680,811.532007793,254.87
,,,1681,812.542450765,257.8265
1268,812.547514533,243.977,1682,812.542485804,314.3645,
,,,1683,813.546252264,258.2425
1269,813.55118948,243.853,1684,813.546227064,314.3645,
,,,1685,814.531542234,295.785
,,,1686,815.533179876,291.9875
,,,1687,816.540580822,298.796
,,,1688,817.146038683,133.375
,,,1689,817.144623565,1830.87
1270,814.553737379,244.589
1271,816.545227376,278.868
1272,817.150184838,135.4825,1690,817.14818969,198.971,
,,,1691,817.5434195,298.5495
,,,1692,817.604613824,332.218
,,,1693,818.555875556,298.2505
1273,817.153251752,203.011
1274,817.546586161,277.6445
1275,818.560146886,278.813,1694,818.555132093,440.9075,
,,,1695,818.555361441,373.4195
,,,1696,819.558822792,298.2505
,,,1697,820.520882429,217.237
,,,1698,820.51885381,266.075
,,,1699,820.569686835,298.157
1276,819.563134392,278.844
1277,820.57402131,278.572,1700,820.569536316,439.984,
,,,1701,820.56958649,364.3425
,,,1702,821.57348722,298.157
,,,1703,821.573417725,363.263
1278,821.5778007,278.572,1704,821.573272338,440.6335,
,,,1705,822.577572196,298.66
,,,1706,823.581465179,298.008
,,,1707,824.724359548,1586.98
,,,1708,826.559642855,289.77
,,,1709,827.562742446,289.693
,,,1710,828.572444551,291.395
,,,1711,829.576288092,291.6765
,,,1712,834.171176017,133.54
,,,1713,834.528343546,254.3785
1279,822.581979718,278.424
1280,824.728736341,1547.75
1281,826.563731993,274.864
1282,827.567133869,274.9445
1283,828.576559734,276.1775
1284,829.578909763,276.1455
1285,834.533082148,241.931,1714,834.528079005,323.642,
,,,1715,835.165767192,133.642
,,,1716,835.532507598,256.844
1286,835.53763759,243.84,1717,835.532535353,317.217,
,,,1718,836.541011743,255.8865
,,,1719,837.545570312,255.671
,,,1720,838.557804678,256.095
,,,1721,840.542372531,293.73
,,,1722,841.5450202,293.402
,,,1723,842.556320092,292.517
1287,836.545582598,242.156
1288,838.56306287,241.915
1289,840.546695811,276.8285
1290,841.548834824,276.8245
1291,842.560601004,276.356,1724,842.555188139,439.836,
,,,1725,842.555622281,367.625
,,,1726,843.559166103,292.412
1292,843.563551355,276.333,1727,843.558132682,440.284,
,,,1728,843.558603138,377.298
1293,844.573112353,276.781,1729,844.568490806,440.899,
,,,1730,844.568567795,372.125
,,,1731,844.568691296,294.068
,,,1732,845.572910707,294.145
,,,1733,846.584059184,294.21
,,,1734,846.584519078,375.0665
1294,844.95179411,136.0415
1295,844.952263732,246.474
1296,845.577370092,276.797
1297,846.588657984,276.488,1735,846.584915391,437.883,
,,,1736,847.588457443,294.131
,,,1737,848.59666608,294.245
,,,1738,849.602150369,294.4
,,,1739,852.180704477,199.3055
1298,847.593096494,276.324
1299,848.6014736,276.465
1300,852.185745615,204.979,1740,852.185769507,133.379,
,,,1741,852.574266425,288.0775
,,,1742,853.167008267,1829.57
1301,852.187732308,138.093
1302,852.576881303,274.772
1303,853.181804952,202.979,1743,853.184276596,133.4585,
,,,1744,854.590274758,288.057
,,,1745,855.593743128,288.194
,,,1746,856.591673638,288.209
,,,1747,857.519167609,259.565
1304,853.185396833,137.958
1305,854.595138405,274.346
1306,855.597553837,274.727
1307,856.593676298,274.898
1308,857.524158931,246.117,1748,857.518852409,321.996,
,,,1749,858.522232286,259.532
1309,858.527186538,246.104,1750,858.521916737,320.195,
,,,1751,859.530940343,261.1825
1310,859.536253972,246.3955,1752,859.53109817,322.293,
,,,1753,860.53588095,263.726
,,,1754,861.544846618,264.739
,,,1755,866.555233495,289.883
1311,860.541002609,246.491
1312,861.174149084,1390.95
1313,861.549776007,246.618
1314,866.559850829,274.7675,1756,866.55498948,376.957,
,,,1757,867.558282949,289.883
,,,1758,868.57012764,289.3565
1315,867.562933745,274.779
1316,868.574824776,274.56,1759,868.570203126,374.737,
,,,1760,869.573604208,289.353
1317,869.578349987,274.727,1761,869.574153091,374.701,
,,,1762,870.585639539,288.5225
,,,1763,870.585899037,328.524
,,,1764,870.58578571,368.8885
1318,870.590387143,274.141,1765,870.585817762,441.62,
,,,1766,871.589060048,288.48
,,,1767,871.651041888,324.05
,,,1768,872.596870724,289.495
,,,1769,873.601859001,289.693
,,,1770,873.667638723,322.647
,,,1771,874.671731183,323.269
,,,1772,875.678073083,326.542
,,,1773,881.518265182,257.5245
,,,1774,882.521760495,257.617
,,,1775,883.533630913,256.438
1319,871.593892164,274.204
1320,872.601818301,274.729
1321,873.606638993,274.78
1322,873.672026587,293.1725
1323,881.523644946,244.654
1324,883.538768686,244.164,1776,883.533315642,325.22,
,,,1777,884.537454078,257.958
,,,1778,885.550389903,256.2
1325,884.54259605,244.1
1326,885.555607549,244.049,1779,885.549441258,320.437,
,,,1780,886.553727148,256.158
1327,886.558706216,244.0665,1781,886.552806217,320.367,
,,,1782,887.561127734,257.3675
1328,887.566770683,244.087,1783,887.561112845,321.996,
,,,1784,888.56641398,259.231
,,,1785,890.554304537,287.3965
,,,1786,891.55745424,287.141
,,,1787,892.569080053,287.255
,,,1788,893.572820969,287.197
,,,1789,894.584032971,287.061
,,,1790,895.588379897,287.288
,,,1791,896.598876274,287.427
,,,1792,914.555329345,285.423
,,,1793,915.557827103,285.231
,,,1794,916.567303505,285.777
,,,1795,921.498690759,268.822
,,,1796,930.688594116,1586.97
,,,1797,949.528739423,266.0565
,,,1798,963.000773646,112.865
,,,1799,963.000832663,1877.505
,,,1800,963.000729084,51.215
,,,1801,963.000731597,1933.585
,,,1802,964.003859213,112.196
,,,1803,964.00390017,1878.155
,,,1804,966.000421171,113.799
,,,1805,966.996126678,112.809
,,,1806,966.996117601,17.877
,,,1807,966.996111258,1877.645
,,,1808,966.996168494,1828.89
,,,1809,966.995775507,1781.775
,,,1810,966.996043127,286.564
,,,1811,967.998914807,113.6675
,,,1812,969.000900906,63.037
,,,1813,969.000991097,27.0935
,,,1814,969.000814549,1945.07
,,,1815,969.001201648,113.168
,,,1816,969.001046578,1878.08
,,,1817,979.983995673,112.48
,,,1818,981.518814555,268.976
,,,1819,981.996,1193.125
,,,1820,981.99594436,139.5215
,,,1821,981.995886418,242.037
,,,1822,981.996086349,1140.03
,,,1823,981.99611052,955.2735
,,,1824,981.995964034,1373.17
,,,1825,981.996029297,1035.1
,,,1826,981.995989836,1769.44
,,,1827,981.996080767,1092.85
,,,1828,981.996222022,1464.65
,,,1829,981.996033193,1556.7
,,,1830,981.995848234,1853.215
,,,1831,981.996092986,1613.78
,,,1832,981.995820923,309.686
,,,1833,981.996027491,1263.035
,,,1834,981.996080951,1654.74
,,,1835,981.995947779,490.109
,,,1836,981.995998059,871.4445
,,,1837,981.996007491,756.639
,,,1838,981.996006087,699.2265
,,,1839,981.996023396,797.638
,,,1840,981.995898633,432.705
,,,1841,981.996005186,1291.74
,,,1842,1010.02524033,112.552
,,,1843,1010.026628,909.4245
,,,1844,1010.02561972,1875.495
,,,1845,1014.66998773,1586.77
,,,1846,1040.03944403,112.574
,,,1847,1040.03941987,17.877
,,,1848,1040.03945323,1879.46
,,,1849,1040.03815216,1193.62
1329,888.571840045,244.568
1330,890.559676902,272.765
1331,891.562177207,274.225
1332,892.574144983,272.892
1333,893.577171864,273.3365
1334,894.589080202,273.15
1335,895.592215871,274.225
1336,896.601731129,274.534
1337,908.709281212,1549.95
1338,914.559990868,271.447
1339,930.693913652,1547.84
1340,1040.03632343,113.14,1850,1040.03845421,293.9685,
,,,1851,1040.03941826,64.1045
1341,1040.03609371,1758.675,1852,1040.03945939,1942.69,
,,,1853,1040.03849401,342.619
,,,1854,1040.03845842,721.779
,,,1855,1040.03850865,501.386
,,,1856,1040.03847667,467.558
,,,1857,1040.03791738,1024.75
,,,1858,1041.04163529,112.572
,,,1859,1041.04169245,1879.46
,,,1860,1041.04167372,17.878
,,,1861,1042.04366159,112.7105
,,,1862,1042.04363791,1879.065
,,,1863,1042.04390038,1977.87
,,,1864,1042.04368228,26.071
,,,1865,1042.04372759,1953.17
,,,1866,1042.04366627,60.995
,,,1867,1043.04583613,112.278
,,,1868,1043.04597691,1879.46
,,,1869,1043.04585187,28.143
,,,1870,1055.89737435,1213.08
,,,1871,1088.88015645,1824.79
,,,1872,1088.88008327,1854.79
,,,1873,1088.87930274,1916.36
,,,1874,1090.8788929,1854.39
,,,1875,1090.87895045,1824.79
,,,1876,1090.87892643,138.899
,,,1877,1097.99703511,1879.455
,,,1878,1097.99698901,1927.225
,,,1879,1133.98127315,112.621
,,,1880,1133.9812056,17.384
,,,1881,1169.97523607,137.485
,,,1882,1169.97507491,1853.29
,,,1883,1169.97495849,1792.13
,,,1884,1169.97527406,220.0205
,,,1885,1169.97518555,319.892
,,,1886,1169.97521562,355.171
,,,1887,1170.97801856,1853.29
,,,1888,1170.97790485,1792.015
,,,1889,1176.23459619,113.2585
,,,1890,1176.23441437,1878.16
,,,1891,1176.2343188,25.052
,,,1892,1176.23452451,1951.13
1342,1116.6430117,1556.09
